CODIGO,FECHA ORDEN DE COMPRA,FECHA DE LLEGADA,NOMBRE PROVEEDOR,PRODUCTO, CANTIDAD , COSTO UNITARIO  , COSTO TOTAL 
231011,29-03-23,03-02-23,TAMERICA PRODUCTS INC,MAQUINA PERFORADORA SB - V400M SECUREBIND,1008,53818,54248240
112001,07-09-22,04-02-23,"FOSHAN GUIHANG IMP & EXP CO., LTD",ROLLO BOPP BRILLANTE 250 MM X 4000 MT 18 MIC,96,192628,18492304
112006,07-09-22,04-02-23,"FOSHAN GUIHANG IMP & EXP CO., LTD",ROLLO BOPP BRILLANTE 345 MM X 4000 MT 18 MIC,120,264931,31791722
112008,07-09-22,04-02-23,"FOSHAN GUIHANG IMP & EXP CO., LTD",ROLLO BOPP BRILLANTE 495 MM X 4000 MT 18 MIC,81,381206,30877713
112010,07-09-22,04-02-23,"FOSHAN GUIHANG IMP & EXP CO., LTD",ROLLO BOPP MATE 250 MM X 4000 MT 18 MIC,54,183464,9907040
112011,07-09-22,04-02-23,"FOSHAN GUIHANG IMP & EXP CO., LTD",ROLLO BOPP MATE 300 MM X 4000 MT 18 MIC,100,223665,22366497
112015,07-09-22,04-02-23,"FOSHAN GUIHANG IMP & EXP CO., LTD",ROLLO BOPP MATE 345 MM X 4000 MT 18 MIC,115,252201,29003109
112017,07-09-22,04-02-23,"FOSHAN GUIHANG IMP & EXP CO., LTD",ROLLO BOPP MATE 495 MM X 4000 MT 18 MIC,257,363626,93451981
112018,07-09-22,04-02-23,"FOSHAN GUIHANG IMP & EXP CO., LTD",ROLLO BOPP MATE 595 MM X 4000 MT 18 MIC,30,335044,10051331
112019,07-09-22,04-02-23,"FOSHAN GUIHANG IMP & EXP CO., LTD",ROLLO BOPP MATE 695 MM X 3000 MT 18 MIC,80,379349,30347951
222002,29-03-23,08-02-23,TAMERICA PRODUCTS INC,LAMINADORA TAHSIN TCC 330 ,150,567798,85169709
122017,06-12-22,30-03-23,SHW INTERNATIONAL (HK) LIMITED,CARRETE  3.1    8 MM X 60000 LOOPS BLANCO,72,168479,12130479
122020,06-12-22,30-03-23,SHW INTERNATIONAL (HK) LIMITED,CARRETE  3.1    9 MM X 43000 LOOPS BLANCO,70,142705,9989326
122024,06-12-22,30-03-23,SHW INTERNATIONAL (HK) LIMITED,CARRETE  3.1   11 MM X 32000 LOOPS BLANCO,50,147704,7385209
122026,06-12-22,30-03-23,SHW INTERNATIONAL (HK) LIMITED,CARRETE  3.1   12 MM X 24000 LOOPS BLANCO,50,122270,6113487
122027,06-12-22,30-03-23,SHW INTERNATIONAL (HK) LIMITED,CARRETE  3.1   12 MM X 24000 LOOPS NEGRO,40,122270,4890790
122028,06-12-22,30-03-23,SHW INTERNATIONAL (HK) LIMITED,CARRETE  3.1   12 MM X 24000 LOOPS PLATA,10,138142,1381420
122029,06-12-22,30-03-23,SHW INTERNATIONAL (HK) LIMITED,CARRETE  3.1   14 MM X 19300 LOOPS BLANCO,20,129017,2580333
122031,06-12-22,30-03-23,SHW INTERNATIONAL (HK) LIMITED,CARRETE  3.1   14 MM X 19300 LOOPS PLATA,10,146297,1462965
122013,06-12-22,30-03-23,SHW INTERNATIONAL (HK) LIMITED,CARRETE  2.1   19 MM X 7000 LOOPS BLANCO,30,103194,3095817
122014,06-12-22,30-03-23,SHW INTERNATIONAL (HK) LIMITED,CARRETE  2.1   19 MM X 7000 LOOPS NEGRO,20,103194,2063878
122041,06-12-22,30-03-23,SHW INTERNATIONAL (HK) LIMITED,TIRA 2.1 X 64 LOOPS  12MM CAJA X 540 BLANCO,60,208598,12515878
122042,06-12-22,30-03-23,SHW INTERNATIONAL (HK) LIMITED,TIRA 2.1 X 64 LOOPS  12MM CAJA X 540 NEGRO,40,208598,8343903
122044,06-12-22,30-03-23,SHW INTERNATIONAL (HK) LIMITED,TIRA 2.1 X 64 LOOPS  14MM CAJA X 384 BLANCO,40,195575,7822982
122047,06-12-22,30-03-23,SHW INTERNATIONAL (HK) LIMITED,TIRA 2.1 X 64 LOOPS  16MM CAJA X 308 BLANCO,140,192604,26964579
122049,06-12-22,30-03-23,SHW INTERNATIONAL (HK) LIMITED,TIRA 2.1 X 64 LOOPS  16MM CAJA X 308 NEGRO,40,192604,7704159
122051,06-12-22,30-03-23,SHW INTERNATIONAL (HK) LIMITED,TIRA 2.1 X 64 LOOPS  19MM CAJA X 252 BLANCO,100,216416,21641550
122053,06-12-22,30-03-23,SHW INTERNATIONAL (HK) LIMITED,TIRA 2.1 X 64 LOOPS  19MM CAJA X 252 NEGRO,20,216416,4328320
122055,06-12-22,30-03-23,SHW INTERNATIONAL (HK) LIMITED,TIRA 2.1 X 64 LOOPS  22MM CAJA X 192 BLANCO,40,209174,8366959
122057,06-12-22,30-03-23,SHW INTERNATIONAL (HK) LIMITED,TIRA 2.1 X 64 LOOPS  22MM CAJA X 192 NEGRO,60,209174,12550438
122059,06-12-22,30-03-23,SHW INTERNATIONAL (HK) LIMITED,TIRA 2.1 X 64 LOOPS  25MM CAJA X 140 BLANCO,40,177704,7108148
122064,06-12-22,30-03-23,SHW INTERNATIONAL (HK) LIMITED,TIRA 2.1 X 64 LOOPS  28MM CAJA X 96 PLATA,30,226621,6798615
112001,06-12-22,02-05-23,"FOSHAN GUIHANG IMP & EXP CO., LTD",ROLLO BOPP BRILLANTE 250 MM X 4000 MT 18 MIC,50,184408,9220379
112006,06-12-22,02-05-23,"FOSHAN GUIHANG IMP & EXP CO., LTD",ROLLO BOPP BRILLANTE 345 MM X 4000 MT 18 MIC,53,254613,13494490
112007,06-12-22,02-05-23,"FOSHAN GUIHANG IMP & EXP CO., LTD",ROLLO BOPP BRILLANTE 445 MM X 4000 MT 18 MIC,42,325965,13690526
112008,06-12-22,02-05-23,"FOSHAN GUIHANG IMP & EXP CO., LTD",ROLLO BOPP BRILLANTE 495 MM X 4000 MT 18 MIC,99,364166,36052466
112009,06-12-22,02-05-23,"FOSHAN GUIHANG IMP & EXP CO., LTD",ROLLO BOPP BRILLANTE 695 MM X 4000 MT 18 MIC,117,387235,45306455
112003,06-12-22,02-05-23,"FOSHAN GUIHANG IMP & EXP CO., LTD",ROLLO BOPP BRILLANTE 330 MM X 200 MT 23 MIC,660,17236,11375736
112010,06-12-22,02-05-23,"FOSHAN GUIHANG IMP & EXP CO., LTD",ROLLO BOPP MATE 250 MM X 4000 MT 18 MIC,58,175253,10164683
112015,06-12-22,02-05-23,"FOSHAN GUIHANG IMP & EXP CO., LTD",ROLLO BOPP MATE 345 MM X 4000 MT 18 MIC,64,243867,15607483
112016,06-12-22,02-05-23,"FOSHAN GUIHANG IMP & EXP CO., LTD",ROLLO BOPP MATE 445 MM X 4000 MT 18 MIC,49,322533,15804109
112017,06-12-22,02-05-23,"FOSHAN GUIHANG IMP & EXP CO., LTD",ROLLO BOPP MATE 495 MM X 4000 MT 18 MIC,216,350361,75677902
112018,06-12-22,02-05-23,"FOSHAN GUIHANG IMP & EXP CO., LTD",ROLLO BOPP MATE 595 MM X 4000 MT 18 MIC,66,315793,20842363
112019,06-12-22,02-05-23,"FOSHAN GUIHANG IMP & EXP CO., LTD",ROLLO BOPP MATE 695 MM X 3000 MT 18 MIC,45,366521,16493457
112012,06-12-22,02-05-23,"FOSHAN GUIHANG IMP & EXP CO., LTD",ROLLO BOPP MATE 330 MM X 200 MT 23 MIC,480,16329,7837828
122017,06-03-23,15-05-23,SHW INTERNATIONAL (HK) LIMITED,CARRETE  3.1    8 MM X 60000 LOOPS BLANCO,30,157472,4724149
122018,06-03-23,15-05-23,SHW INTERNATIONAL (HK) LIMITED,CARRETE  3.1    8 MM X 60000 LOOPS NEGRO,30,157472,4724149
122020,06-03-23,15-05-23,SHW INTERNATIONAL (HK) LIMITED,CARRETE  3.1    9 MM X 43000 LOOPS BLANCO,80,133381,10670507
122022,06-03-23,15-05-23,SHW INTERNATIONAL (HK) LIMITED,CARRETE  3.1    9 MM X 43000 LOOPS NEGRO,60,133381,8002880
122024,06-03-23,15-05-23,SHW INTERNATIONAL (HK) LIMITED,CARRETE  3.1   11 MM X 32000 LOOPS BLANCO,30,138054,4141626
122025,06-03-23,15-05-23,SHW INTERNATIONAL (HK) LIMITED,CARRETE  3.1   11 MM X 32000 LOOPS NEGRO,30,138054,4141626
122026,06-03-23,15-05-23,SHW INTERNATIONAL (HK) LIMITED,CARRETE  3.1   12 MM X 24000 LOOPS BLANCO,20,114283,2285666
122027,06-03-23,15-05-23,SHW INTERNATIONAL (HK) LIMITED,CARRETE  3.1   12 MM X 24000 LOOPS NEGRO,10,114283,1142833
122009,06-03-23,15-05-23,SHW INTERNATIONAL (HK) LIMITED,CARRETE  2.1   16 MM X 10500 LOOPS BLANCO,30,103665,3109963
122013,06-03-23,15-05-23,SHW INTERNATIONAL (HK) LIMITED,CARRETE  2.1   19 MM X 7000 LOOPS BLANCO,10,96452,964519
122014,06-03-23,15-05-23,SHW INTERNATIONAL (HK) LIMITED,CARRETE  2.1   19 MM X 7000 LOOPS NEGRO,10,96452,964519
122015,06-03-23,15-05-23,SHW INTERNATIONAL (HK) LIMITED,CARRETE  2.1   19 MM X 7000 LOOPS PLATA,7,109019,763132
122089,06-03-23,15-05-23,SHW INTERNATIONAL (HK) LIMITED,DOBLE O CARTA 2.1   16 MM  CAJA X 50 BLANCO,300,11433,3429806
122112,06-03-23,15-05-23,SHW INTERNATIONAL (HK) LIMITED,DOBLE O CARTA 2.1   19 MM  CAJA X 50 BRONCE,200,17058,3411659
122044,06-03-23,15-05-23,SHW INTERNATIONAL (HK) LIMITED,TIRA 2.1 X 64 LOOPS  14MM CAJA X 384 BLANCO,50,182798,9139888
122045,06-03-23,15-05-23,SHW INTERNATIONAL (HK) LIMITED,TIRA 2.1 X 64 LOOPS  14MM CAJA X 384 NEGRO,50,182798,9139888
122047,06-03-23,15-05-23,SHW INTERNATIONAL (HK) LIMITED,TIRA 2.1 X 64 LOOPS  16MM CAJA X 308 BLANCO,180,180021,32403724
122049,06-03-23,15-05-23,SHW INTERNATIONAL (HK) LIMITED,TIRA 2.1 X 64 LOOPS  16MM CAJA X 308 NEGRO,40,180021,7200823
122048,06-03-23,15-05-23,SHW INTERNATIONAL (HK) LIMITED,TIRA 2.1 X 64 LOOPS  16MM CAJA X 308 BRONCE,20,205239,4104788
122051,06-03-23,15-05-23,SHW INTERNATIONAL (HK) LIMITED,TIRA 2.1 X 64 LOOPS  19MM CAJA X 252 BLANCO,100,202268,20226795
122053,06-03-23,15-05-23,SHW INTERNATIONAL (HK) LIMITED,TIRA 2.1 X 64 LOOPS  19MM CAJA X 252 NEGRO,40,202268,8090718
122054,06-03-23,15-05-23,SHW INTERNATIONAL (HK) LIMITED,TIRA 2.1 X 64 LOOPS  19MM CAJA X 252 PLATA,40,230593,9223727
122052,06-03-23,15-05-23,SHW INTERNATIONAL (HK) LIMITED,TIRA 2.1 X 64 LOOPS  19MM CAJA X 252 BRONCE,40,230593,9223727
122055,06-03-23,15-05-23,SHW INTERNATIONAL (HK) LIMITED,TIRA 2.1 X 64 LOOPS  22MM CAJA X 192 BLANCO,40,195508,7820320
122056,06-03-23,15-05-23,SHW INTERNATIONAL (HK) LIMITED,TIRA 2.1 X 64 LOOPS  22MM CAJA X 192 BRONCE,20,222853,4457069
113008,03-02-23,20-05-23,YIXING CONNECT PLASTIC TECHNOLOGY CO,BOLSILLO OFICIO 225MM X 337MM 125 MIC CAJA X 100,2000,19325,38649660
113002,03-02-23,20-05-23,YIXING CONNECT PLASTIC TECHNOLOGY CO,BOLSILLO CEDULA 70 X 100 MM 175 MIC CAJA X 100,10000,2945,29447360
113001,03-02-23,20-05-23,YIXING CONNECT PLASTIC TECHNOLOGY CO,BOLSILLO CARNET 60 X 90 MM 175 MIC CAJA X 100,3000,2255,6763691
113007,03-02-23,20-05-23,YIXING CONNECT PLASTIC TECHNOLOGY CO,BOLSILLO CARTA 225MM X 288MM 250 MIC CAJA X 50,4000,16564,66256560
111003,03-02-23,20-05-23,YIXING CONNECT PLASTIC TECHNOLOGY CO,ROLLO 226 MM X 60 MTS 125 MICRAS,1200,16794,20153037
111007,03-02-23,20-05-23,YIXING CONNECT PLASTIC TECHNOLOGY CO,ROLLO 300 MM X 60 MTS 125 MICRAS,200,22316,4463116
111019,03-02-23,20-05-23,YIXING CONNECT PLASTIC TECHNOLOGY CO,ROLLO 540 MM X 60 MTS 125 MICRAS,100,40260,4026006
111020,03-02-23,20-05-23,YIXING CONNECT PLASTIC TECHNOLOGY CO,ROLLO 540 MM X 60 MTS 175 MICRAS,60,25306,1518380
111005,03-02-23,20-05-23,YIXING CONNECT PLASTIC TECHNOLOGY CO,ROLLO 226 MM X 60 MTS 250 MICRAS,210,33588,7053563
111016,03-02-23,20-05-23,YIXING CONNECT PLASTIC TECHNOLOGY CO,ROLLO 680 MM X 60 MTS 125 MICRAS BRILLANTE,200,50613,10122530
121023,01-03-23,10-06-23,KAM SHUI LUNG KINARY,CARATULA CARTA STRIPE PAQ X 50 TRANSPARENTE,6500,5910,38415368
121034,01-03-23,10-06-23,KAM SHUI LUNG KINARY,CARATULA CARTA STRIPE PAQ X 50 AMARILLO,1000,5910,5910057
121017,01-03-23,10-06-23,KAM SHUI LUNG KINARY,CARATULA CARTA STRIPE PAQ X 50 AZUL T-1,3000,5910,17730170
121019,01-03-23,10-06-23,KAM SHUI LUNG KINARY,CARATULA CARTA STRIPE PAQ X 50 HUMO,3000,5910,17730170
121020,01-03-23,10-06-23,KAM SHUI LUNG KINARY,CARATULA CARTA STRIPE PAQ X 50 LILA,1000,5910,5910057
121021,01-03-23,10-06-23,KAM SHUI LUNG KINARY,CARATULA CARTA STRIPE PAQ X 50 NARANJA,1000,5910,5910057
121030,01-03-23,10-06-23,KAM SHUI LUNG KINARY,CARATULA OFICIO STRIPE PAQ X 50 TRANSPARENTE,2260,6924,15649301
121010,01-03-23,10-06-23,KAM SHUI LUNG KINARY,CARATULA CARTA GRAIN PAQ X 50 NEGRO,2000,6660,13319680
121009,01-03-23,10-06-23,KAM SHUI LUNG KINARY,CARATULA CARTA GRAIN PAQ X 50 AZUL,2000,6660,13319680
121022,01-03-23,10-06-23,KAM SHUI LUNG KINARY,CARATULA CARTA STRIPE PAQ X 50 ROJO,1000,5910,5910057
131019,06-03-23,24-06-23,JIANGYIN UNION INTERNATIONAL,YOYO ORIGINAL CAJA X 50 BLANCO,2800,27070,75796812
131018,06-03-23,24-06-23,JIANGYIN UNION INTERNATIONAL,YOYO ORIGINAL CAJA X 50 AZUL,1200,27070,32484348
131020,06-03-23,24-06-23,JIANGYIN UNION INTERNATIONAL,YOYO ORIGINAL CAJA X 50 NEGRO,400,27070,10828116
231015,06-03-23,24-06-23,JIANGYIN UNION INTERNATIONAL,ENCUADERNADORA DUO GENERICA - WW2500A(2.1) (3.1),140,704125,98577502
231003,06-03-23,24-06-23,JIANGYIN UNION INTERNATIONAL,ENCUADERNADORA GENERICA W25A (2.1),40,421672,16866873
131001,06-03-23,24-06-23,JIANGYIN UNION INTERNATIONAL,DESPUNTADORA L30,60,229056,13743378
311014,06-03-23,24-06-23,JIANGYIN UNION INTERNATIONAL,TROQUEL BORDEADOR R6,30,29153,874579
311013,06-03-23,24-06-23,JIANGYIN UNION INTERNATIONAL,TROQUEL BORDEADOR R3.5,10,29153,291526
311015,06-03-23,24-06-23,JIANGYIN UNION INTERNATIONAL,TROQUEL REDONDO 5MM,20,14576,291526
121023,21-04-23,03-08-23,KAM SHUI LUNG KINARY,CARATULA CARTA STRIPE PAQ X 50 TRANSPARENTE,10000,5164,51635549
121034,21-04-23,03-08-23,KAM SHUI LUNG KINARY,CARATULA CARTA STRIPE PAQ X 50 AMARILLO,1000,5164,5163555
121017,21-04-23,03-08-23,KAM SHUI LUNG KINARY,CARATULA CARTA STRIPE PAQ X 50 AZUL T-1,1000,5164,5163555
121018,21-04-23,03-08-23,KAM SHUI LUNG KINARY,CARATULA CARTA STRIPE PAQ X 50 AZUL T-2,1000,5164,5163555
121020,21-04-23,03-08-23,KAM SHUI LUNG KINARY,CARATULA CARTA STRIPE PAQ X 50 LILA,1000,5164,5163555
121022,21-04-23,03-08-23,KAM SHUI LUNG KINARY,CARATULA CARTA STRIPE PAQ X 50 ROJO,1000,5164,5163555
121021,21-04-23,03-08-23,KAM SHUI LUNG KINARY,CARATULA CARTA STRIPE PAQ X 50 NARANJA,1000,5164,5163555
121030,21-04-23,03-08-23,KAM SHUI LUNG KINARY,CARATULA OFICIO STRIPE PAQ X 50 TRANSPARENTE,2000,6050,12099673
121010,21-04-23,03-08-23,KAM SHUI LUNG KINARY,CARATULA CARTA GRAIN PAQ X 50 NEGRO,2000,5819,11637266
121009,21-04-23,03-08-23,KAM SHUI LUNG KINARY,CARATULA CARTA GRAIN PAQ X 50 AZUL,2000,5819,11637266
131015,21-04-23,03-08-23,KAM SHUI LUNG KINARY,PROTECTOR DE HOJA GRUESO CARTA PQ X 50 (0.08MM),2000,3545,7090255
113005,05-05-23,18-08-23,YIXING CONNECT PLASTIC TECHNOLOGY CO,BOLSILLO CARTA 225MM X 288MM 125 MIC CAJA X 100,7780,13250,103085159
113008,05-05-23,18-08-23,YIXING CONNECT PLASTIC TECHNOLOGY CO,BOLSILLO OFICIO 225MM X 337MM 125 MIC CAJA X 100,1000,16216,16216443
131012,05-05-23,18-08-23,YIXING CONNECT PLASTIC TECHNOLOGY CO,ACETATOS CARTA PAQ X 50,3200,3164,10125389
111003,05-05-23,18-08-23,YIXING CONNECT PLASTIC TECHNOLOGY CO,ROLLO 226 MM X 60 MTS 125 MICRAS,1020,13843,14120171
111010,05-05-23,18-08-23,YIXING CONNECT PLASTIC TECHNOLOGY CO,ROLLO 375 MM X 60 MTS 125 MICRAS,300,23336,7000757
111016,05-05-23,18-08-23,YIXING CONNECT PLASTIC TECHNOLOGY CO,ROLLO 680 MM X 60 MTS 125 MICRAS BRILLANTE,60,42321,2539258
111008,05-05-23,18-08-23,YIXING CONNECT PLASTIC TECHNOLOGY CO,ROLLO 300 MM X 60 MTS 250 MICRAS,160,37575,6011950
122017,09-06-23,28-08-23,SHW INTERNATIONAL (HK) LIMITED,CARRETE  3.1    8 MM X 60000 LOOPS BLANCO,30,137889,4136666
122018,09-06-23,28-08-23,SHW INTERNATIONAL (HK) LIMITED,CARRETE  3.1    8 MM X 60000 LOOPS NEGRO,20,137889,2757777
122020,09-06-23,28-08-23,SHW INTERNATIONAL (HK) LIMITED,CARRETE  3.1    9 MM X 43000 LOOPS BLANCO,80,116796,9343683
122022,09-06-23,28-08-23,SHW INTERNATIONAL (HK) LIMITED,CARRETE  3.1    9 MM X 43000 LOOPS NEGRO,40,116800,4672007
122009,09-06-23,28-08-23,SHW INTERNATIONAL (HK) LIMITED,CARRETE  2.1   16 MM X 10500 LOOPS BLANCO,30,90729,2721884
122010,09-06-23,28-08-23,SHW INTERNATIONAL (HK) LIMITED,CARRETE  2.1   16 MM X 10500 LOOPS NEGRO,30,90771,2723127
122011,09-06-23,28-08-23,SHW INTERNATIONAL (HK) LIMITED,CARRETE  2.1   16 MM X 10500 LOOPS PLATA,10,102542,1025421
122013,09-06-23,28-08-23,SHW INTERNATIONAL (HK) LIMITED,CARRETE  2.1   19 MM X 7000 LOOPS BLANCO,30,84471,2534125
122014,09-06-23,28-08-23,SHW INTERNATIONAL (HK) LIMITED,CARRETE  2.1   19 MM X 7000 LOOPS NEGRO,15,84471,1267062
122016,09-06-23,28-08-23,SHW INTERNATIONAL (HK) LIMITED,CARRETE  2.1   19 MM X 7000 LOOPS BRONCE,10,95426,954255
122081,09-06-23,28-08-23,SHW INTERNATIONAL (HK) LIMITED,DOBLE O CARTA 2.1    8 MM  CAJA X 100 BLANCO,200,8766,1753246
122085,09-06-23,28-08-23,SHW INTERNATIONAL (HK) LIMITED,DOBLE O CARTA 2.1   12 MM  CAJA X 100 BLANCO,300,14300,4289858
122094,09-06-23,28-08-23,SHW INTERNATIONAL (HK) LIMITED,DOBLE O CARTA 2.1   22 MM  CAJA X 50 NEGRO,300,16206,4861839
122099,09-06-23,28-08-23,SHW INTERNATIONAL (HK) LIMITED,DOBLE O CARTA 2.1   32 MM  CAJA X 30 BLANCO,100,22049,2204862
122047,09-06-23,28-08-23,SHW INTERNATIONAL (HK) LIMITED,TIRA 2.1 X 64 LOOPS  16MM CAJA X 308 BLANCO,150,157614,23642048
122049,09-06-23,28-08-23,SHW INTERNATIONAL (HK) LIMITED,TIRA 2.1 X 64 LOOPS  16MM CAJA X 308 NEGRO,80,157613,12609073
122051,09-06-23,28-08-23,SHW INTERNATIONAL (HK) LIMITED,TIRA 2.1 X 64 LOOPS  19MM CAJA X 252 BLANCO,120,177099,21251872
122053,09-06-23,28-08-23,SHW INTERNATIONAL (HK) LIMITED,TIRA 2.1 X 64 LOOPS  19MM CAJA X 252 NEGRO,50,177099,8854971
122054,09-06-23,28-08-23,SHW INTERNATIONAL (HK) LIMITED,TIRA 2.1 X 64 LOOPS  19MM CAJA X 252 PLATA,20,201891,4037813
122052,09-06-23,28-08-23,SHW INTERNATIONAL (HK) LIMITED,TIRA 2.1 X 64 LOOPS  19MM CAJA X 252 BRONCE,10,201893,2018927
122055,09-06-23,28-08-23,SHW INTERNATIONAL (HK) LIMITED,TIRA 2.1 X 64 LOOPS  22MM CAJA X 192 BLANCO,60,171174,10270417
122057,09-06-23,28-08-23,SHW INTERNATIONAL (HK) LIMITED,TIRA 2.1 X 64 LOOPS  22MM CAJA X 192 NEGRO,60,171174,10270417
122058,09-06-23,28-08-23,SHW INTERNATIONAL (HK) LIMITED,TIRA 2.1 X 64 LOOPS  22MM CAJA X 192 PLATA,30,195115,5853438
122059,09-06-23,28-08-23,SHW INTERNATIONAL (HK) LIMITED,TIRA 2.1 X 64 LOOPS  25MM CAJA X 140 BLANCO,30,145420,4362599
122060,09-06-23,28-08-23,SHW INTERNATIONAL (HK) LIMITED,TIRA 2.1 X 64 LOOPS  25MM CAJA X 140 NEGRO,30,145420,4362599
122065,09-06-23,28-08-23,SHW INTERNATIONAL (HK) LIMITED,TIRA 2.1 X 64 LOOPS  32MM CAJA X 96 BLANCO,20,179847,3596932
112002,13-06-23,21-09-23,XINLI INDUSTRIAL CO,ROLLO BOPP BRILLANTE 300 MM X 4000 MT 18 MIC,83,174031,14444590
112006,13-06-23,21-09-23,XINLI INDUSTRIAL CO,ROLLO BOPP BRILLANTE 345 MM X 4000 MT 18 MIC,50,200321,10016064
112007,13-06-23,21-09-23,XINLI INDUSTRIAL CO,ROLLO BOPP BRILLANTE 445 MM X 4000 MT 18 MIC,45,260335,11715060
112008,13-06-23,21-09-23,XINLI INDUSTRIAL CO,ROLLO BOPP BRILLANTE 495 MM X 4000 MT 18 MIC,180,285553,51399613
112028,13-06-23,21-09-23,XINLI INDUSTRIAL CO,ROLLO BOPP BRILLANTE 595 MM X 4000 MT 18 MIC,69,256597,17705191
112009,13-06-23,21-09-23,XINLI INDUSTRIAL CO,ROLLO BOPP BRILLANTE 695 MM X 4000 MT 18 MIC,20,303635,6072707
112003,13-06-23,21-09-23,XINLI INDUSTRIAL CO,ROLLO BOPP BRILLANTE 330 MM X 200 MT 23 MIC,300,10832,3249685
112024,13-06-23,21-09-23,XINLI INDUSTRIAL CO,ROLLO BOPP MATE 200 MM X 4000 MT 18 MIC,54,118030,6373602
112010,13-06-23,21-09-23,XINLI INDUSTRIAL CO,ROLLO BOPP MATE 250 MM X 4000 MT 18 MIC,63,151111,9520017
112011,13-06-23,21-09-23,XINLI INDUSTRIAL CO,ROLLO BOPP MATE 300 MM X 4000 MT 18 MIC,72,179493,12923468
112021,13-06-23,21-09-23,XINLI INDUSTRIAL CO,ROLLO BOPP MATE 330 MM X 4000 MT 18 MIC,72,197546,14223287
112015,13-06-23,21-09-23,XINLI INDUSTRIAL CO,ROLLO BOPP MATE 345 MM X 4000 MT 18 MIC,155,206850,32061746
112016,13-06-23,21-09-23,XINLI INDUSTRIAL CO,ROLLO BOPP MATE 445 MM X 4000 MT 18 MIC,54,265360,14329462
112018,13-06-23,21-09-23,XINLI INDUSTRIAL CO,ROLLO BOPP MATE 595 MM X 4000 MT 18 MIC,20,265088,5301760
112019,13-06-23,21-09-23,XINLI INDUSTRIAL CO,ROLLO BOPP MATE 695 MM X 3000 MT 18 MIC,80,310763,24861048
112012,13-06-23,21-09-23,XINLI INDUSTRIAL CO,ROLLO BOPP MATE 330 MM X 200 MT 23 MIC,100,11367,1136669
112002,06-07-23,27-10-23,"FOSHAN GUIHANG IMP & EXP CO., LTD",ROLLO BOPP BRILLANTE 300 MM X 4000 MT 18 MIC,80,186456,14916482
112006,06-07-23,27-10-23,"FOSHAN GUIHANG IMP & EXP CO., LTD",ROLLO BOPP BRILLANTE 345 MM X 4000 MT 18 MIC,70,227080,15895615
112007,06-07-23,27-10-23,"FOSHAN GUIHANG IMP & EXP CO., LTD",ROLLO BOPP BRILLANTE 445 MM X 4000 MT 18 MIC,50,289116,14455814
112008,06-07-23,27-10-23,"FOSHAN GUIHANG IMP & EXP CO., LTD",ROLLO BOPP BRILLANTE 495 MM X 4000 MT 18 MIC,160,315243,50438958
112028,06-07-23,27-10-23,"FOSHAN GUIHANG IMP & EXP CO., LTD",ROLLO BOPP BRILLANTE 595 MM X 4000 MT 18 MIC,50,292839,14641951
112009,06-07-23,27-10-23,"FOSHAN GUIHANG IMP & EXP CO., LTD",ROLLO BOPP BRILLANTE 695 MM X 4000 MT 18 MIC,48,334204,16041805
112024,06-07-23,27-10-23,"FOSHAN GUIHANG IMP & EXP CO., LTD",ROLLO BOPP MATE 200 MM X 4000 MT 18 MIC,60,111619,6697118
112010,06-07-23,27-10-23,"FOSHAN GUIHANG IMP & EXP CO., LTD",ROLLO BOPP MATE 250 MM X 4000 MT 18 MIC,40,141590,5663589
112011,06-07-23,27-10-23,"FOSHAN GUIHANG IMP & EXP CO., LTD",ROLLO BOPP MATE 300 MM X 4000 MT 18 MIC,70,172611,12082775
112021,06-07-23,27-10-23,"FOSHAN GUIHANG IMP & EXP CO., LTD",ROLLO BOPP MATE 330 MM X 4000 MT 18 MIC,40,190430,7617180
112015,06-07-23,27-10-23,"FOSHAN GUIHANG IMP & EXP CO., LTD",ROLLO BOPP MATE 345 MM X 4000 MT 18 MIC,80,200337,16026931
112016,06-07-23,27-10-23,"FOSHAN GUIHANG IMP & EXP CO., LTD",ROLLO BOPP MATE 445 MM X 4000 MT 18 MIC,60,253864,15231811
112017,06-07-23,27-10-23,"FOSHAN GUIHANG IMP & EXP CO., LTD",ROLLO BOPP MATE 495 MM X 4000 MT 18 MIC,120,284005,34080549
112018,06-07-23,27-10-23,"FOSHAN GUIHANG IMP & EXP CO., LTD",ROLLO BOPP MATE 595 MM X 4000 MT 18 MIC,20,256831,5136624
112019,06-07-23,27-10-23,"FOSHAN GUIHANG IMP & EXP CO., LTD",ROLLO BOPP MATE 695 MM X 3000 MT 18 MIC,60,296063,17763788
122017,06-09-23,14-11-23,SHW INTERNATIONAL (HK) LIMITED,CARRETE  3.1    8 MM X 60000 LOOPS BLANCO,19,145714,2768561
122018,06-09-23,14-11-23,SHW INTERNATIONAL (HK) LIMITED,CARRETE  3.1    8 MM X 60000 LOOPS NEGRO,19,145714,2768561
122020,06-09-23,14-11-23,SHW INTERNATIONAL (HK) LIMITED,CARRETE  3.1    9 MM X 43000 LOOPS BLANCO,19,123443,2345422
122022,06-09-23,14-11-23,SHW INTERNATIONAL (HK) LIMITED,CARRETE  3.1    9 MM X 43000 LOOPS NEGRO,19,123443,2345422
122024,06-09-23,14-11-23,SHW INTERNATIONAL (HK) LIMITED,CARRETE  3.1   11 MM X 32000 LOOPS BLANCO,20,127723,2554457
122026,06-09-23,14-11-23,SHW INTERNATIONAL (HK) LIMITED,CARRETE  3.1   12 MM X 24000 LOOPS BLANCO,20,105743,2114864
122029,06-09-23,14-11-23,SHW INTERNATIONAL (HK) LIMITED,CARRETE  3.1   14 MM X 19300 LOOPS BLANCO,20,111602,2232034
122101,06-09-23,14-11-23,SHW INTERNATIONAL (HK) LIMITED,DOBLE O CARTA 3.1    8 MM   CAJA X 100 BLANCO,300,8351,2505429
122102,06-09-23,14-11-23,SHW INTERNATIONAL (HK) LIMITED,DOBLE O CARTA 3.1    8 MM  CAJA X 100 NEGRO,200,8351,1670286
122103,06-09-23,14-11-23,SHW INTERNATIONAL (HK) LIMITED,DOBLE O CARTA 3.1    9 MM  CAJA X 100 BLANCO,300,9972,2991557
122104,06-09-23,14-11-23,SHW INTERNATIONAL (HK) LIMITED,DOBLE O CARTA 3.1    9 MM  CAJA X 100 NEGRO,200,9972,1994371
122105,06-09-23,14-11-23,SHW INTERNATIONAL (HK) LIMITED,DOBLE O CARTA 3.1   11 MM  CAJA X 100 BLANCO,100,12880,1288031
122106,06-09-23,14-11-23,SHW INTERNATIONAL (HK) LIMITED,DOBLE O CARTA 3.1   11 MM  CAJA X 100 NEGRO,100,12880,1288031
122107,06-09-23,14-11-23,SHW INTERNATIONAL (HK) LIMITED,DOBLE O CARTA 3.1   12 MM  CAJA X 100 NEGRO,200,14293,2858599
122110,06-09-23,14-11-23,SHW INTERNATIONAL (HK) LIMITED,DOBLE O CARTA 3.1   14 MM  CAJA X 100 BLANCO,100,18905,1890498
122111,06-09-23,14-11-23,SHW INTERNATIONAL (HK) LIMITED,DOBLE O CARTA 3.1   14 MM  CAJA X 100 NEGRO,100,18905,1890498
122083,06-09-23,14-11-23,SHW INTERNATIONAL (HK) LIMITED,DOBLE O CARTA 2.1    9 MM  CAJA X 100 BLANCO,300,12008,3602333
122084,06-09-23,14-11-23,SHW INTERNATIONAL (HK) LIMITED,DOBLE O CARTA 2.1    9 MM  CAJA X 100 NEGRO,300,12008,3602333
122085,06-09-23,14-11-23,SHW INTERNATIONAL (HK) LIMITED,DOBLE O CARTA 2.1   12 MM  CAJA X 100 BLANCO,200,16370,3274093
122086,06-09-23,14-11-23,SHW INTERNATIONAL (HK) LIMITED,DOBLE O CARTA 2.1   12 MM  CAJA X 100 NEGRO,200,16370,3274093
122087,06-09-23,14-11-23,SHW INTERNATIONAL (HK) LIMITED,DOBLE O CARTA 2.1   14 MM  CAJA X 100 BLANCO,100,20692,2069160
122088,06-09-23,14-11-23,SHW INTERNATIONAL (HK) LIMITED,DOBLE O CARTA 2.1   14 MM  CAJA X 100 NEGRO,100,20692,2069160
122089,06-09-23,14-11-23,SHW INTERNATIONAL (HK) LIMITED,DOBLE O CARTA 2.1   16 MM  CAJA X 50 BLANCO,300,10429,3128670
122090,06-09-23,14-11-23,SHW INTERNATIONAL (HK) LIMITED,DOBLE O CARTA 2.1   16 MM  CAJA X 50 NEGRO,300,10429,3128670
122091,06-09-23,14-11-23,SHW INTERNATIONAL (HK) LIMITED,DOBLE O CARTA 2.1   19 MM  CAJA X 50 BLANCO,200,13836,2767190
122092,06-09-23,14-11-23,SHW INTERNATIONAL (HK) LIMITED,DOBLE O CARTA 2.1   19 MM  CAJA X 50 NEGRO,100,13836,1383595
122093,06-09-23,14-11-23,SHW INTERNATIONAL (HK) LIMITED,DOBLE O CARTA 2.1   22 MM  CAJA X 50 BLANCO,100,17658,1765850
122094,06-09-23,14-11-23,SHW INTERNATIONAL (HK) LIMITED,DOBLE O CARTA 2.1   22 MM  CAJA X 50 NEGRO,100,17658,1765850
122041,06-09-23,14-11-23,SHW INTERNATIONAL (HK) LIMITED,TIRA 2.1 X 64 LOOPS  12MM CAJA X 540 BLANCO,30,182186,5465574
122044,06-09-23,14-11-23,SHW INTERNATIONAL (HK) LIMITED,TIRA 2.1 X 64 LOOPS  14MM CAJA X 384 BLANCO,30,170877,5126323
122045,06-09-23,14-11-23,SHW INTERNATIONAL (HK) LIMITED,TIRA 2.1 X 64 LOOPS  14MM CAJA X 384 NEGRO,20,170878,3417563
122047,06-09-23,14-11-23,SHW INTERNATIONAL (HK) LIMITED,TIRA 2.1 X 64 LOOPS  16MM CAJA X 308 BLANCO,70,168283,11779837
122049,06-09-23,14-11-23,SHW INTERNATIONAL (HK) LIMITED,TIRA 2.1 X 64 LOOPS  16MM CAJA X 308 NEGRO,40,168283,6731335
122050,06-09-23,14-11-23,SHW INTERNATIONAL (HK) LIMITED,TIRA 2.1 X 64 LOOPS  16MM CAJA X 308 PLATA,20,191829,3836588
122048,06-09-23,14-11-23,SHW INTERNATIONAL (HK) LIMITED,TIRA 2.1 X 64 LOOPS  16MM CAJA X 308 BRONCE,20,191829,3836588
122051,06-09-23,14-11-23,SHW INTERNATIONAL (HK) LIMITED,TIRA 2.1 X 64 LOOPS  19MM CAJA X 252 BLANCO,40,189097,7563861
122053,06-09-23,14-11-23,SHW INTERNATIONAL (HK) LIMITED,TIRA 2.1 X 64 LOOPS  19MM CAJA X 252 NEGRO,60,189096,11345770
122054,06-09-23,14-11-23,SHW INTERNATIONAL (HK) LIMITED,TIRA 2.1 X 64 LOOPS  19MM CAJA X 252 PLATA,10,215583,2155832
122052,06-09-23,14-11-23,SHW INTERNATIONAL (HK) LIMITED,TIRA 2.1 X 64 LOOPS  19MM CAJA X 252 BRONCE,10,215587,2155874
122055,06-09-23,14-11-23,SHW INTERNATIONAL (HK) LIMITED,TIRA 2.1 X 64 LOOPS  22MM CAJA X 192 BLANCO,80,182764,14621151
122057,06-09-23,14-11-23,SHW INTERNATIONAL (HK) LIMITED,TIRA 2.1 X 64 LOOPS  22MM CAJA X 192 NEGRO,50,182764,9138209
122058,06-09-23,14-11-23,SHW INTERNATIONAL (HK) LIMITED,TIRA 2.1 X 64 LOOPS  22MM CAJA X 192 PLATA,20,208372,4167446
122059,06-09-23,14-11-23,SHW INTERNATIONAL (HK) LIMITED,TIRA 2.1 X 64 LOOPS  25MM CAJA X 140 BLANCO,50,158453,7922640
122060,06-09-23,14-11-23,SHW INTERNATIONAL (HK) LIMITED,TIRA 2.1 X 64 LOOPS  25MM CAJA X 140 NEGRO,20,158453,3169056
122062,06-09-23,14-11-23,SHW INTERNATIONAL (HK) LIMITED,TIRA 2.1 X 64 LOOPS  28MM CAJA X 96 BLANCO,20,177260,3545203
122063,06-09-23,14-11-23,SHW INTERNATIONAL (HK) LIMITED,TIRA 2.1 X 64 LOOPS  28MM CAJA X 96 NEGRO,20,177260,3545203
122065,06-09-23,14-11-23,SHW INTERNATIONAL (HK) LIMITED,TIRA 2.1 X 64 LOOPS  32MM CAJA X 96 BLANCO,20,195968,3919355
122066,06-09-23,14-11-23,SHW INTERNATIONAL (HK) LIMITED,TIRA 2.1 X 64 LOOPS  32MM CAJA X 96 NEGRO,20,195968,3919355
113005,05-09-23,13-12-23,YIXING CONNECT PLASTIC TECHNOLOGY CO,BOLSILLO CARTA 225MM X 288MM 125 MIC CAJA X 100,6300,11529,72631925
113008,05-09-23,13-12-23,YIXING CONNECT PLASTIC TECHNOLOGY CO,BOLSILLO OFICIO 225MM X 337MM 125 MIC CAJA X 100,2000,14158,28316540
113007,05-09-23,13-12-23,YIXING CONNECT PLASTIC TECHNOLOGY CO,BOLSILLO CARTA 225MM X 288MM 250 MIC CAJA X 50,1000,11933,11933399
111003,05-09-23,13-12-23,YIXING CONNECT PLASTIC TECHNOLOGY CO,ROLLO 226 MM X 60 MTS 125 MICRAS,1200,13349,16019071
111010,05-09-23,13-12-23,YIXING CONNECT PLASTIC TECHNOLOGY CO,ROLLO 375 MM X 60 MTS 125 MICRAS,100,22249,2224871
111019,05-09-23,13-12-23,YIXING CONNECT PLASTIC TECHNOLOGY CO,ROLLO 540 MM X 60 MTS 125 MICRAS,100,31957,3195724
111020,05-09-23,13-12-23,YIXING CONNECT PLASTIC TECHNOLOGY CO,ROLLO 540 MM X 60 MTS 175 MICRAS,100,46520,4652003
111016,05-09-23,13-12-23,YIXING CONNECT PLASTIC TECHNOLOGY CO,ROLLO 680 MM X 60 MTS 125 MICRAS BRILLANTE,60,40048,2402861
112001,26-09-23,15-01-24,"FOSHAN GUIHANG IMP & EXP CO., LTD",ROLLO BOPP BRILLANTE 250 MM X 4000 MT 18 MIC,35,142993,5004756
112002,26-09-23,15-01-24,"FOSHAN GUIHANG IMP & EXP CO., LTD",ROLLO BOPP BRILLANTE 300 MM X 4000 MT 18 MIC,60,171290,10277377
112006,26-09-23,15-01-24,"FOSHAN GUIHANG IMP & EXP CO., LTD",ROLLO BOPP BRILLANTE 345 MM X 4000 MT 18 MIC,100,198548,19854849
112026,26-09-23,15-01-24,"FOSHAN GUIHANG IMP & EXP CO., LTD",ROLLO BOPP BRILLANTE 400 MM X 4000 MT 18 MIC,48,227397,10915069
112007,26-09-23,15-01-24,"FOSHAN GUIHANG IMP & EXP CO., LTD",ROLLO BOPP BRILLANTE 445 MM X 4000 MT 18 MIC,50,257945,12897270
112008,26-09-23,15-01-24,"FOSHAN GUIHANG IMP & EXP CO., LTD",ROLLO BOPP BRILLANTE 495 MM X 4000 MT 18 MIC,100,285561,28556142
112003,26-09-23,15-01-24,"FOSHAN GUIHANG IMP & EXP CO., LTD",ROLLO BOPP BRILLANTE 330 MM X 200 MT 23 MIC,330,14336,4730842
112010,26-09-23,15-01-24,"FOSHAN GUIHANG IMP & EXP CO., LTD",ROLLO BOPP MATE 250 MM X 4000 MT 18 MIC,70,139605,9772361
112011,26-09-23,15-01-24,"FOSHAN GUIHANG IMP & EXP CO., LTD",ROLLO BOPP MATE 300 MM X 4000 MT 18 MIC,80,164060,13124798
112015,26-09-23,15-01-24,"FOSHAN GUIHANG IMP & EXP CO., LTD",ROLLO BOPP MATE 345 MM X 4000 MT 18 MIC,60,193857,11631392
112025,26-09-23,15-01-24,"FOSHAN GUIHANG IMP & EXP CO., LTD",ROLLO BOPP MATE 400 MM X 4000 MT 18 MIC,60,223026,13381548
112016,26-09-23,15-01-24,"FOSHAN GUIHANG IMP & EXP CO., LTD",ROLLO BOPP MATE 445 MM X 4000 MT 18 MIC,59,244460,14423119
112017,26-09-23,15-01-24,"FOSHAN GUIHANG IMP & EXP CO., LTD",ROLLO BOPP MATE 495 MM X 4000 MT 18 MIC,250,274047,68511788
112012,26-09-23,15-01-24,"FOSHAN GUIHANG IMP & EXP CO., LTD",ROLLO BOPP MATE 330 MM X 200 MT 23 MIC,330,14336,4730842
112001,22-11-23,01-04-24,XINLI INDUSTRIAL CO,ROLLO BOPP BRILLANTE 250 MM X 4000 MT 18 MIC,50,137476,6873825
112006,22-11-23,01-04-24,XINLI INDUSTRIAL CO,ROLLO BOPP BRILLANTE 345 MM X 4000 MT 18 MIC,50,188919,9445945
112008,22-11-23,01-04-24,XINLI INDUSTRIAL CO,ROLLO BOPP BRILLANTE 495 MM X 4000 MT 18 MIC,130,270463,35160142
112028,22-11-23,01-04-24,XINLI INDUSTRIAL CO,ROLLO BOPP BRILLANTE 595 MM X 4000 MT 18 MIC,18,245058,4411036
112011,22-11-23,01-04-24,XINLI INDUSTRIAL CO,ROLLO BOPP MATE 300 MM X 4000 MT 18 MIC,50,173264,8663208
112015,22-11-23,01-04-24,XINLI INDUSTRIAL CO,ROLLO BOPP MATE 345 MM X 4000 MT 18 MIC,50,199788,9989412
112017,22-11-23,01-04-24,XINLI INDUSTRIAL CO,ROLLO BOPP MATE 495 MM X 4000 MT 18 MIC,230,282571,64991326
112018,22-11-23,01-04-24,XINLI INDUSTRIAL CO,ROLLO BOPP MATE 595 MM X 4000 MT 18 MIC,18,256212,4611814
112019,22-11-23,01-04-24,XINLI INDUSTRIAL CO,ROLLO BOPP MATE 695 MM X 3000 MT 18 MIC,36,294471,10600959
112023,22-11-23,01-04-24,XINLI INDUSTRIAL CO,ROLLO METALIZADO PLATA 495 MM X 1000 MT 22 MIC,120,141524,16982871
112022,22-11-23,01-04-24,XINLI INDUSTRIAL CO,ROLLO METALIZADO DORADO 495 MM X 1000 MT 22 MIC,100,200962,20096242
112020,22-11-23,01-04-24,XINLI INDUSTRIAL CO,ROLLO HOLOGRAFICO 495 MM X 1500 MT 24 MIC,216,266050,57466880
112027,22-11-23,01-04-24,XINLI INDUSTRIAL CO,ROLLO PIEL DURAZNO 495 MM X 200 MT 28 MIC,99,91368,9045479
122020,17-01-24,11-04-24,SHW INTERNATIONAL (HK) LIMITED,CARRETE  3.1    9 MM X 43000 LOOPS BLANCO,107,108325,11590781
122022,17-01-24,11-04-24,SHW INTERNATIONAL (HK) LIMITED,CARRETE  3.1    9 MM X 43000 LOOPS NEGRO,100,108325,10832505
122023,17-01-24,11-04-24,SHW INTERNATIONAL (HK) LIMITED,CARRETE  3.1    9 MM X 43000 LOOPS PLATA,20,120179,2403584
122024,17-01-24,11-04-24,SHW INTERNATIONAL (HK) LIMITED,CARRETE  3.1   11 MM X 32000 LOOPS BLANCO,20,107428,2148564
122025,17-01-24,11-04-24,SHW INTERNATIONAL (HK) LIMITED,CARRETE  3.1   11 MM X 32000 LOOPS NEGRO,20,107428,2148564
122026,17-01-24,11-04-24,SHW INTERNATIONAL (HK) LIMITED,CARRETE  3.1   12 MM X 24000 LOOPS BLANCO,24,91870,2204871
122027,17-01-24,11-04-24,SHW INTERNATIONAL (HK) LIMITED,CARRETE  3.1   12 MM X 24000 LOOPS NEGRO,24,91870,2204871
122028,17-01-24,11-04-24,SHW INTERNATIONAL (HK) LIMITED,CARRETE  3.1   12 MM X 24000 LOOPS PLATA,24,101774,2442578
122029,17-01-24,11-04-24,SHW INTERNATIONAL (HK) LIMITED,CARRETE  3.1   14 MM X 19300 LOOPS BLANCO,24,94833,2275996
122009,17-01-24,11-04-24,SHW INTERNATIONAL (HK) LIMITED,CARRETE  2.1   16 MM X 10500 LOOPS BLANCO,36,82472,2968996
122010,17-01-24,11-04-24,SHW INTERNATIONAL (HK) LIMITED,CARRETE  2.1   16 MM X 10500 LOOPS NEGRO,20,82472,1649442
122013,17-01-24,11-04-24,SHW INTERNATIONAL (HK) LIMITED,CARRETE  2.1   19 MM X 7000 LOOPS BLANCO,36,76818,2765447
122014,17-01-24,11-04-24,SHW INTERNATIONAL (HK) LIMITED,CARRETE  2.1   19 MM X 7000 LOOPS NEGRO,24,76818,1843632
122015,17-01-24,11-04-24,SHW INTERNATIONAL (HK) LIMITED,CARRETE  2.1   19 MM X 7000 LOOPS PLATA,20,83886,1677713
122016,17-01-24,11-04-24,SHW INTERNATIONAL (HK) LIMITED,CARRETE  2.1   19 MM X 7000 LOOPS BRONCE,20,85904,1718071
122042,17-01-24,11-04-24,SHW INTERNATIONAL (HK) LIMITED,TIRA 2.1 X 64 LOOPS  12MM CAJA X 540 NEGRO,80,158346,12667714
122045,17-01-24,11-04-24,SHW INTERNATIONAL (HK) LIMITED,TIRA 2.1 X 64 LOOPS  14MM CAJA X 384 NEGRO,60,145544,8732645
122054,17-01-24,11-04-24,SHW INTERNATIONAL (HK) LIMITED,TIRA 2.1 X 64 LOOPS  19MM CAJA X 252 PLATA,40,188177,7527071
122052,17-01-24,11-04-24,SHW INTERNATIONAL (HK) LIMITED,TIRA 2.1 X 64 LOOPS  19MM CAJA X 252 BRONCE,20,186703,3734056
112031,23-01-24,26-04-24,"ZHEJIANG HONGYANG HOT STAMPING MATERIALS CO.,",FOIL S1 (101) 640 MM X 120 MT 12 MIC DORADO,120,25468,3056219
112032,23-01-24,26-04-24,"ZHEJIANG HONGYANG HOT STAMPING MATERIALS CO.,",FOIL S1 (120) 640 MM X 120 MT 12 MIC PLATA,120,25468,3056219
112033,23-01-24,26-04-24,"ZHEJIANG HONGYANG HOT STAMPING MATERIALS CO.,",FOIL S2 (101) 640 MM X 120 MT 12 MIC DORADO,50,27428,1371381
112034,23-01-24,26-04-24,"ZHEJIANG HONGYANG HOT STAMPING MATERIALS CO.,",FOIL S2 (120) 640 MM X 120 MT 12 MIC PLATA,50,27428,1371381
112035,23-01-24,26-04-24,"ZHEJIANG HONGYANG HOT STAMPING MATERIALS CO.,",FOIL S4 (SA18) 640 MM X 120 MT 12 MIC DORADO HOLOGRAFICO,80,35264,2821126
112036,23-01-24,26-04-24,"ZHEJIANG HONGYANG HOT STAMPING MATERIALS CO.,",FOIL S4 (S15) 640 MM X 120 MT 12 MIC PLATA HOLOGRAFICO,80,35264,2821126
113005,23-02-24,23-05-24,YIXING CONNECT PLASTIC TECHNOLOGY CO,BOLSILLO CARTA 225MM X 288MM 125 MIC CAJA X 100,6300,10921,68802703
113008,23-02-24,23-05-24,YIXING CONNECT PLASTIC TECHNOLOGY CO,BOLSILLO OFICIO 225MM X 337MM 125 MIC CAJA X 100,2000,13261,26522584
113002,23-02-24,23-05-24,YIXING CONNECT PLASTIC TECHNOLOGY CO,BOLSILLO CEDULA 70 X 100 MM 175 MIC CAJA X 100,5000,2067,10336007
113003,23-02-24,23-05-24,YIXING CONNECT PLASTIC TECHNOLOGY CO,BOLSILLO TARJETA PROPIEDAD 80 X 110 MM 175 MIC CAJA X 100,2000,2535,5070494
111003,23-02-24,23-05-24,YIXING CONNECT PLASTIC TECHNOLOGY CO,ROLLO 226 MM X 60 MTS 125 MICRAS,1500,11896,17844239
111016,23-02-24,23-05-24,YIXING CONNECT PLASTIC TECHNOLOGY CO,ROLLO 680 MM X 60 MTS 125 MICRAS BRILLANTE,200,36274,7254707
112001,25-01-24,30-05-24,NEI (HK) INTL CO LIMITED,ROLLO BOPP BRILLANTE 250 MM X 4000 MT 18 MIC,40,126969,5078759
112002,25-01-24,30-05-24,NEI (HK) INTL CO LIMITED,ROLLO BOPP BRILLANTE 300 MM X 4000 MT 18 MIC,44,153247,6742872
112006,25-01-24,30-05-24,NEI (HK) INTL CO LIMITED,ROLLO BOPP BRILLANTE 345 MM X 4000 MT 18 MIC,97,177701,17237034
112007,25-01-24,30-05-24,NEI (HK) INTL CO LIMITED,ROLLO BOPP BRILLANTE 445 MM X 4000 MT 18 MIC,40,229678,9187101
112008,25-01-24,30-05-24,NEI (HK) INTL CO LIMITED,ROLLO BOPP BRILLANTE 495 MM X 4000 MT 18 MIC,100,253264,25326367
112028,25-01-24,30-05-24,NEI (HK) INTL CO LIMITED,ROLLO BOPP BRILLANTE 595 MM X 4000 MT 18 MIC,36,307888,11083978
112009,25-01-24,30-05-24,NEI (HK) INTL CO LIMITED,ROLLO BOPP BRILLANTE 695 MM X 4000 MT 18 MIC,19,359636,6833083
112010,25-01-24,30-05-24,NEI (HK) INTL CO LIMITED,ROLLO BOPP MATE 250 MM X 4000 MT 18 MIC,60,131823,7909409
112011,25-01-24,30-05-24,NEI (HK) INTL CO LIMITED,ROLLO BOPP MATE 300 MM X 4000 MT 18 MIC,61,157981,9636815
112015,25-01-24,30-05-24,NEI (HK) INTL CO LIMITED,ROLLO BOPP MATE 345 MM X 4000 MT 18 MIC,110,179975,19797205
112016,25-01-24,30-05-24,NEI (HK) INTL CO LIMITED,ROLLO BOPP MATE 445 MM X 4000 MT 18 MIC,82,233582,19153745
112017,25-01-24,30-05-24,NEI (HK) INTL CO LIMITED,ROLLO BOPP MATE 495 MM X 4000 MT 18 MIC,200,259438,51887542
112018,25-01-24,30-05-24,NEI (HK) INTL CO LIMITED,ROLLO BOPP MATE 595 MM X 4000 MT 18 MIC,36,310801,11188854
112019,25-01-24,30-05-24,NEI (HK) INTL CO LIMITED,ROLLO BOPP MATE 695 MM X 3000 MT 18 MIC,38,363380,13808451
113005,15-03-24,14-06-24,YIXING CONNECT PLASTIC TECHNOLOGY CO,BOLSILLO CARTA 225MM X 288MM 125 MIC CAJA X 100,3500,11028,38597594
113008,15-03-24,14-06-24,YIXING CONNECT PLASTIC TECHNOLOGY CO,BOLSILLO OFICIO 225MM X 337MM 125 MIC CAJA X 100,3000,13391,40173006
113006,15-03-24,14-06-24,YIXING CONNECT PLASTIC TECHNOLOGY CO,BOLSILLO CARTA 225MM X 288MM 175 MIC CAJA X 100,1000,16148,16147973
113007,15-03-24,14-06-24,YIXING CONNECT PLASTIC TECHNOLOGY CO,BOLSILLO CARTA 225MM X 288MM 250 MIC CAJA X 50,1000,11422,11421737
111001,15-03-24,14-06-24,YIXING CONNECT PLASTIC TECHNOLOGY CO,ROLLO 113 MM X 60 MTS 175 MICRAS,960,8665,8318175
111004,15-03-24,14-06-24,YIXING CONNECT PLASTIC TECHNOLOGY CO,ROLLO 226 MM X 60 MTS 175 MICRAS,200,17330,3465906
111020,15-03-24,14-06-24,YIXING CONNECT PLASTIC TECHNOLOGY CO,ROLLO 540 MM X 60 MTS 175 MICRAS,200,42536,8507225
111019,15-03-24,14-06-24,YIXING CONNECT PLASTIC TECHNOLOGY CO,ROLLO 540 MM X 60 MTS 125 MICRAS,200,28751,5750254
111016,15-03-24,14-06-24,YIXING CONNECT PLASTIC TECHNOLOGY CO,ROLLO 680 MM X 60 MTS 125 MICRAS BRILLANTE,100,36628,3662833
122020,15-03-24,20-06-24,SHW INTERNATIONAL (HK) LIMITED,CARRETE  3.1    9 MM X 43000 LOOPS BLANCO,75,104955,7871650
122022,15-03-24,20-06-24,SHW INTERNATIONAL (HK) LIMITED,CARRETE  3.1    9 MM X 43000 LOOPS NEGRO,10,104959,1049592
122024,15-03-24,20-06-24,SHW INTERNATIONAL (HK) LIMITED,CARRETE  3.1   11 MM X 32000 LOOPS BLANCO,40,104335,4173418
122025,15-03-24,20-06-24,SHW INTERNATIONAL (HK) LIMITED,CARRETE  3.1   11 MM X 32000 LOOPS NEGRO,40,104335,4173418
122026,15-03-24,20-06-24,SHW INTERNATIONAL (HK) LIMITED,CARRETE  3.1   12 MM X 24000 LOOPS BLANCO,30,89264,2677930
122027,15-03-24,20-06-24,SHW INTERNATIONAL (HK) LIMITED,CARRETE  3.1   12 MM X 24000 LOOPS NEGRO,30,89264,2677930
122009,15-03-24,20-06-24,SHW INTERNATIONAL (HK) LIMITED,CARRETE  2.1   16 MM X 10500 LOOPS BLANCO,24,82949,1990781
122011,15-03-24,20-06-24,SHW INTERNATIONAL (HK) LIMITED,CARRETE  2.1   16 MM X 10500 LOOPS PLATA,12,95541,1146489
122013,15-03-24,20-06-24,SHW INTERNATIONAL (HK) LIMITED,CARRETE  2.1   19 MM X 7000 LOOPS BLANCO,24,77331,1855954
122014,15-03-24,20-06-24,SHW INTERNATIONAL (HK) LIMITED,CARRETE  2.1   19 MM X 7000 LOOPS NEGRO,24,77331,1855954
122092,15-03-24,20-06-24,SHW INTERNATIONAL (HK) LIMITED,DOBLE O CARTA 2.1   19 MM  CAJA X 50 NEGRO,200,12204,2440822
122096,15-03-24,20-06-24,SHW INTERNATIONAL (HK) LIMITED,DOBLE O CARTA 2.1   25 MM  CAJA X 50 NEGRO,200,18790,3758090
122100,15-03-24,20-06-24,SHW INTERNATIONAL (HK) LIMITED,DOBLE O CARTA 2.1   32 MM  CAJA X 30 NEGRO,100,19798,1979778
122044,15-03-24,20-06-24,SHW INTERNATIONAL (HK) LIMITED,TIRA 2.1 X 64 LOOPS  14MM CAJA X 384 BLANCO,60,147286,8837169
122047,15-03-24,20-06-24,SHW INTERNATIONAL (HK) LIMITED,TIRA 2.1 X 64 LOOPS  16MM CAJA X 308 BLANCO,160,143911,23025742
122050,15-03-24,20-06-24,SHW INTERNATIONAL (HK) LIMITED,TIRA 2.1 X 64 LOOPS  16MM CAJA X 308 PLATA,40,168492,6739690
122048,15-03-24,20-06-24,SHW INTERNATIONAL (HK) LIMITED,TIRA 2.1 X 64 LOOPS  16MM CAJA X 308 BRONCE,10,174222,1742220
122051,15-03-24,20-06-24,SHW INTERNATIONAL (HK) LIMITED,TIRA 2.1 X 64 LOOPS  19MM CAJA X 252 BLANCO,140,169783,23769689
122053,15-03-24,20-06-24,SHW INTERNATIONAL (HK) LIMITED,TIRA 2.1 X 64 LOOPS  19MM CAJA X 252 NEGRO,50,169784,8489178
122054,15-03-24,20-06-24,SHW INTERNATIONAL (HK) LIMITED,TIRA 2.1 X 64 LOOPS  19MM CAJA X 252 PLATA,10,198100,1981002
122055,15-03-24,20-06-24,SHW INTERNATIONAL (HK) LIMITED,TIRA 2.1 X 64 LOOPS  22MM CAJA X 192 BLANCO,30,164320,4929607
122057,15-03-24,20-06-24,SHW INTERNATIONAL (HK) LIMITED,TIRA 2.1 X 64 LOOPS  22MM CAJA X 192 NEGRO,30,164320,4929607
122056,15-03-24,20-06-24,SHW INTERNATIONAL (HK) LIMITED,TIRA 2.1 X 64 LOOPS  22MM CAJA X 192 BRONCE,30,191174,5735233
122059,15-03-24,20-06-24,SHW INTERNATIONAL (HK) LIMITED,TIRA 2.1 X 64 LOOPS  25MM CAJA X 140 BLANCO,40,140863,5634501
122060,15-03-24,20-06-24,SHW INTERNATIONAL (HK) LIMITED,TIRA 2.1 X 64 LOOPS  25MM CAJA X 140 NEGRO,30,140863,4225876
122061,15-03-24,20-06-24,SHW INTERNATIONAL (HK) LIMITED,TIRA 2.1 X 64 LOOPS  25MM CAJA X 140 PLATA,30,165596,4967886
122077,15-03-24,20-06-24,SHW INTERNATIONAL (HK) LIMITED,TIRA 2.1 X 64 LOOPS  25MM CAJA X 140 BRONCE,30,163047,4891406
112001,15-03-24,18-08-24,NEI (HK) INTL CO LIMITED,ROLLO BOPP BRILLANTE 250 MM X 4000 MT 18 MIC,40,130449,5217968
112002,15-03-24,18-08-24,NEI (HK) INTL CO LIMITED,ROLLO BOPP BRILLANTE 300 MM X 4000 MT 18 MIC,44,156367,6880141
112006,15-03-24,18-08-24,NEI (HK) INTL CO LIMITED,ROLLO BOPP BRILLANTE 345 MM X 4000 MT 18 MIC,97,179353,17397274
112007,15-03-24,18-08-24,NEI (HK) INTL CO LIMITED,ROLLO BOPP BRILLANTE 445 MM X 4000 MT 18 MIC,40,229091,9163625
112008,15-03-24,18-08-24,NEI (HK) INTL CO LIMITED,ROLLO BOPP BRILLANTE 495 MM X 4000 MT 18 MIC,100,254404,25440440
112028,15-03-24,18-08-24,NEI (HK) INTL CO LIMITED,ROLLO BOPP BRILLANTE 595 MM X 4000 MT 18 MIC,36,308887,11119948
112009,15-03-24,18-08-24,NEI (HK) INTL CO LIMITED,ROLLO BOPP BRILLANTE 695 MM X 4000 MT 18 MIC,19,360203,6843849
112010,15-03-24,18-08-24,NEI (HK) INTL CO LIMITED,ROLLO BOPP MATE 250 MM X 4000 MT 18 MIC,60,128623,7717400
112011,15-03-24,18-08-24,NEI (HK) INTL CO LIMITED,ROLLO BOPP MATE 300 MM X 4000 MT 18 MIC,61,157422,9602738
112015,15-03-24,18-08-24,NEI (HK) INTL CO LIMITED,ROLLO BOPP MATE 345 MM X 4000 MT 18 MIC,110,182320,20055160
112016,15-03-24,18-08-24,NEI (HK) INTL CO LIMITED,ROLLO BOPP MATE 445 MM X 4000 MT 18 MIC,82,230520,18902633
112017,15-03-24,18-08-24,NEI (HK) INTL CO LIMITED,ROLLO BOPP MATE 495 MM X 4000 MT 18 MIC,200,256210,51241955
112018,15-03-24,18-08-24,NEI (HK) INTL CO LIMITED,ROLLO BOPP MATE 595 MM X 4000 MT 18 MIC,36,308252,11097066
112019,15-03-24,18-08-24,NEI (HK) INTL CO LIMITED,ROLLO BOPP MATE 695 MM X 3000 MT 18 MIC,38,360042,13681589
122017,15-07-24,01-10-24,SHW INTERNATIONAL (HK) LIMITED,CARRETE  3.1    8 MM X 60000 LOOPS BLANCO,21,135439,2844226
122020,15-07-24,01-10-24,SHW INTERNATIONAL (HK) LIMITED,CARRETE  3.1    9 MM X 43000 LOOPS BLANCO,51,117790,6007273
122022,15-07-24,01-10-24,SHW INTERNATIONAL (HK) LIMITED,CARRETE  3.1    9 MM X 43000 LOOPS NEGRO,41,117790,4829377
122024,15-07-24,01-10-24,SHW INTERNATIONAL (HK) LIMITED,CARRETE  3.1   11 MM X 32000 LOOPS BLANCO,41,117080,4800294
122025,15-07-24,01-10-24,SHW INTERNATIONAL (HK) LIMITED,CARRETE  3.1   11 MM X 32000 LOOPS NEGRO,21,117080,2458687
122026,15-07-24,01-10-24,SHW INTERNATIONAL (HK) LIMITED,CARRETE  3.1   12 MM X 24000 LOOPS BLANCO,21,100140,2102940
122027,15-07-24,01-10-24,SHW INTERNATIONAL (HK) LIMITED,CARRETE  3.1   12 MM X 24000 LOOPS NEGRO,21,100140,2102940
122029,15-07-24,01-10-24,SHW INTERNATIONAL (HK) LIMITED,CARRETE  3.1   14 MM X 19300 LOOPS BLANCO,20,107233,2144665
122030,15-07-24,01-10-24,SHW INTERNATIONAL (HK) LIMITED,CARRETE  3.1   14 MM X 19300 LOOPS NEGRO,20,107233,2144665
122012,15-07-24,01-10-24,SHW INTERNATIONAL (HK) LIMITED,CARRETE  2.1   16 MM X 10500 LOOPS BRONCE,15,110029,1650432
122013,15-07-24,01-10-24,SHW INTERNATIONAL (HK) LIMITED,CARRETE  2.1   19 MM X 7000 LOOPS BLANCO,15,86746,1301194
122014,15-07-24,01-10-24,SHW INTERNATIONAL (HK) LIMITED,CARRETE  2.1   19 MM X 7000 LOOPS NEGRO,10,95463,954626
122041,15-07-24,01-10-24,SHW INTERNATIONAL (HK) LIMITED,TIRA 2.1 X 64 LOOPS  12MM CAJA X 540 BLANCO,30,176872,5306168
122042,15-07-24,01-10-24,SHW INTERNATIONAL (HK) LIMITED,TIRA 2.1 X 64 LOOPS  12MM CAJA X 540 NEGRO,30,176872,5306168
122044,15-07-24,01-10-24,SHW INTERNATIONAL (HK) LIMITED,TIRA 2.1 X 64 LOOPS  14MM CAJA X 384 BLANCO,30,169997,5099922
122047,15-07-24,01-10-24,SHW INTERNATIONAL (HK) LIMITED,TIRA 2.1 X 64 LOOPS  16MM CAJA X 308 BLANCO,140,154987,21698127
122049,15-07-24,01-10-24,SHW INTERNATIONAL (HK) LIMITED,TIRA 2.1 X 64 LOOPS  16MM CAJA X 308 NEGRO,20,154988,3099750
122051,15-07-24,01-10-24,SHW INTERNATIONAL (HK) LIMITED,TIRA 2.1 X 64 LOOPS  19MM CAJA X 252 BLANCO,140,175595,24583369
122053,15-07-24,01-10-24,SHW INTERNATIONAL (HK) LIMITED,TIRA 2.1 X 64 LOOPS  19MM CAJA X 252 NEGRO,40,175595,7023820
122054,15-07-24,01-10-24,SHW INTERNATIONAL (HK) LIMITED,TIRA 2.1 X 64 LOOPS  19MM CAJA X 252 PLATA,40,205037,8201466
122052,15-07-24,01-10-24,SHW INTERNATIONAL (HK) LIMITED,TIRA 2.1 X 64 LOOPS  19MM CAJA X 252 BRONCE,20,211345,4226909
122055,15-07-24,01-10-24,SHW INTERNATIONAL (HK) LIMITED,TIRA 2.1 X 64 LOOPS  22MM CAJA X 192 BLANCO,50,169918,8495878
122057,15-07-24,01-10-24,SHW INTERNATIONAL (HK) LIMITED,TIRA 2.1 X 64 LOOPS  22MM CAJA X 192 NEGRO,60,169917,10195045
122058,15-07-24,01-10-24,SHW INTERNATIONAL (HK) LIMITED,TIRA 2.1 X 64 LOOPS  22MM CAJA X 192 PLATA,20,199479,3989578
122062,15-07-24,01-10-24,SHW INTERNATIONAL (HK) LIMITED,TIRA 2.1 X 64 LOOPS  28MM CAJA X 96 BLANCO,30,168235,5047056
122063,15-07-24,01-10-24,SHW INTERNATIONAL (HK) LIMITED,TIRA 2.1 X 64 LOOPS  28MM CAJA X 96 NEGRO,30,168235,5047056
122064,15-07-24,01-10-24,SHW INTERNATIONAL (HK) LIMITED,TIRA 2.1 X 64 LOOPS  28MM CAJA X 96 PLATA,30,197557,5926702
122065,15-07-24,01-10-24,SHW INTERNATIONAL (HK) LIMITED,TIRA 2.1 X 64 LOOPS  32MM CAJA X 96 BLANCO,30,190667,5719997
112026,11-06-24,15-11-24,"FOSHAN GUIHANG IMP & EXP CO., LTD",ROLLO BOPP BRILLANTE 400 MM X 4000 MT 18 MIC,27,240005,6480128
112007,11-06-24,15-11-24,"FOSHAN GUIHANG IMP & EXP CO., LTD",ROLLO BOPP BRILLANTE 445 MM X 4000 MT 18 MIC,18,267847,4821247
112008,11-06-24,15-11-24,"FOSHAN GUIHANG IMP & EXP CO., LTD",ROLLO BOPP BRILLANTE 495 MM X 4000 MT 18 MIC,211,296463,62553763
112028,11-06-24,15-11-24,"FOSHAN GUIHANG IMP & EXP CO., LTD",ROLLO BOPP BRILLANTE 595 MM X 4000 MT 18 MIC,27,263255,7107874
112009,11-06-24,15-11-24,"FOSHAN GUIHANG IMP & EXP CO., LTD",ROLLO BOPP BRILLANTE 695 MM X 4000 MT 18 MIC,27,300829,8122384
112024,11-06-24,15-11-24,"FOSHAN GUIHANG IMP & EXP CO., LTD",ROLLO BOPP MATE 200 MM X 4000 MT 18 MIC,94,114158,10730821
112010,11-06-24,15-11-24,"FOSHAN GUIHANG IMP & EXP CO., LTD",ROLLO BOPP MATE 250 MM X 4000 MT 18 MIC,99,143827,14238854
112011,11-06-24,15-11-24,"FOSHAN GUIHANG IMP & EXP CO., LTD",ROLLO BOPP MATE 300 MM X 4000 MT 18 MIC,80,172961,13836878
112021,11-06-24,15-11-24,"FOSHAN GUIHANG IMP & EXP CO., LTD",ROLLO BOPP MATE 330 MM X 4000 MT 18 MIC,80,190524,15241943
112015,11-06-24,15-11-24,"FOSHAN GUIHANG IMP & EXP CO., LTD",ROLLO BOPP MATE 345 MM X 4000 MT 18 MIC,80,198884,15910699
112025,11-06-24,15-11-24,"FOSHAN GUIHANG IMP & EXP CO., LTD",ROLLO BOPP MATE 400 MM X 4000 MT 18 MIC,45,228110,10264950
112016,11-06-24,15-11-24,"FOSHAN GUIHANG IMP & EXP CO., LTD",ROLLO BOPP MATE 445 MM X 4000 MT 18 MIC,20,258758,5175160
112017,11-06-24,15-11-24,"FOSHAN GUIHANG IMP & EXP CO., LTD",ROLLO BOPP MATE 495 MM X 4000 MT 18 MIC,102,287370,29311735
112018,11-06-24,15-11-24,"FOSHAN GUIHANG IMP & EXP CO., LTD",ROLLO BOPP MATE 595 MM X 4000 MT 18 MIC,45,266806,12006289
112019,11-06-24,15-11-24,"FOSHAN GUIHANG IMP & EXP CO., LTD",ROLLO BOPP MATE 695 MM X 3000 MT 18 MIC,54,311583,16825508
112001,26-08-24,01-12-24,NEI (HK) INTL CO LIMITED,ROLLO BOPP BRILLANTE 250 MM X 4000 MT 18 MIC,54,138218,7463756
112002,26-08-24,01-12-24,NEI (HK) INTL CO LIMITED,ROLLO BOPP BRILLANTE 300 MM X 4000 MT 18 MIC,54,164528,8884515
112006,26-08-24,01-12-24,NEI (HK) INTL CO LIMITED,ROLLO BOPP BRILLANTE 345 MM X 4000 MT 18 MIC,140,192233,26912647
112008,26-08-24,01-12-24,NEI (HK) INTL CO LIMITED,ROLLO BOPP BRILLANTE 495 MM X 4000 MT 18 MIC,174,273837,47647658
112009,26-08-24,01-12-24,NEI (HK) INTL CO LIMITED,ROLLO BOPP BRILLANTE 695 MM X 4000 MT 18 MIC,51,388141,19795208
112010,26-08-24,01-12-24,NEI (HK) INTL CO LIMITED,ROLLO BOPP MATE 250 MM X 4000 MT 18 MIC,72,138170,9948253
112011,26-08-24,01-12-24,NEI (HK) INTL CO LIMITED,ROLLO BOPP MATE 300 MM X 4000 MT 18 MIC,72,165153,11890988
112015,26-08-24,01-12-24,NEI (HK) INTL CO LIMITED,ROLLO BOPP MATE 345 MM X 4000 MT 18 MIC,72,197458,14216979
112017,26-08-24,01-12-24,NEI (HK) INTL CO LIMITED,ROLLO BOPP MATE 495 MM X 4000 MT 18 MIC,200,276300,55260049
112018,26-08-24,01-12-24,NEI (HK) INTL CO LIMITED,ROLLO BOPP MATE 595 MM X 4000 MT 18 MIC,28,328734,9204554
112019,26-08-24,01-12-24,NEI (HK) INTL CO LIMITED,ROLLO BOPP MATE 695 MM X 3000 MT 18 MIC,45,395667,17805005
113005,25-09-24,14-ene-25,YIXING CONNECT PLASTIC TECHNOLOGY CO,BOLSILLO CARTA 225MM X 288MM 125 MIC CAJA X 100,1500,12349,18524100
113008,25-09-24,14-ene-25,YIXING CONNECT PLASTIC TECHNOLOGY CO,BOLSILLO OFICIO 225MM X 337MM 125 MIC CAJA X 100,1000,14996,14995700
113007,25-09-24,14-ene-25,YIXING CONNECT PLASTIC TECHNOLOGY CO,BOLSILLO CARTA 225MM X 288MM 250 MIC CAJA X 50,1500,12790,19185675
113001,25-09-24,14-ene-25,YIXING CONNECT PLASTIC TECHNOLOGY CO,BOLSILLO CARNET 60 X 90 MM 175 MIC CAJA X 100,3000,1852,5557230
131012,25-09-24,14-ene-25,YIXING CONNECT PLASTIC TECHNOLOGY CO,ACETATOS CARTA PAQ X 50,480,3308,1587780
111003,25-09-24,14-ene-25,YIXING CONNECT PLASTIC TECHNOLOGY CO,ROLLO 226 MM X 60 MTS 125 MICRAS,960,12790,12278832
111007,25-09-24,14-ene-25,YIXING CONNECT PLASTIC TECHNOLOGY CO,ROLLO 300 MM X 60 MTS 125 MICRAS,480,17201,8256456
111010,25-09-24,14-ene-25,YIXING CONNECT PLASTIC TECHNOLOGY CO,ROLLO 375 MM X 60 MTS 125 MICRAS,300,21832,6549593
111019,25-09-24,14-ene-25,YIXING CONNECT PLASTIC TECHNOLOGY CO,ROLLO 540 MM X 60 MTS 125 MICRAS,300,31315,9394365
111020,25-09-24,14-ene-25,YIXING CONNECT PLASTIC TECHNOLOGY CO,ROLLO 540 MM X 60 MTS 175 MICRAS,300,47633,14290020
111008,25-09-24,14-ene-25,YIXING CONNECT PLASTIC TECHNOLOGY CO,ROLLO 300 MM X 60 MTS 250 MICRAS,300,36166,10849830
111016,25-09-24,14-ene-25,YIXING CONNECT PLASTIC TECHNOLOGY CO,ROLLO 680 MM X 60 MTS 125 MICRAS BRILLANTE,300,39915,11974508
112033,13-11-24,03-feb-25,"ZHEJIANG HONGYANG HOT STAMPING MATERIALS CO.,",FOIL S2 (101) 640 MM X 120 MT 12 MIC DORADO,1000,28446,28445855
112034,13-11-24,03-feb-25,"ZHEJIANG HONGYANG HOT STAMPING MATERIALS CO.,",FOIL S2 (120) 640 MM X 120 MT 12 MIC PLATA,500,28446,14222928
112037,13-11-24,03-feb-25,"ZHEJIANG HONGYANG HOT STAMPING MATERIALS CO.,",FOIL S2 (A152-1) 640 MM X 120 MT 12 MIC ROSA,200,36088,7217605
112035,13-11-24,03-feb-25,"ZHEJIANG HONGYANG HOT STAMPING MATERIALS CO.,",FOIL S4 (SA18) 640 MM X 120 MT 12 MIC DORADO HOLOGRAFICO,100,33965,3396520
112038,13-11-24,03-feb-25,"ZHEJIANG HONGYANG HOT STAMPING MATERIALS CO.,",FOIL S4 (SA12) 640 MM X 120 MT 12 MIC DORADO HOLOGRAFICO,100,33965,3396520
112036,13-11-24,03-feb-25,"ZHEJIANG HONGYANG HOT STAMPING MATERIALS CO.,",FOIL S4 (S15) 640 MM X 120 MT 12 MIC PLATA HOLOGRAFICO,100,33965,3396520
112006,05-12-24,14-abr-25,NEI (HK) INTL CO LIMITED,ROLLO BOPP BRILLANTE 345 MM X 4000 MT 18 MIC,142,181111,25717817
112026,05-12-24,14-abr-25,NEI (HK) INTL CO LIMITED,ROLLO BOPP BRILLANTE 400 MM X 4000 MT 18 MIC,76,208070,15813309
112007,05-12-24,14-abr-25,NEI (HK) INTL CO LIMITED,ROLLO BOPP BRILLANTE 445 MM X 4000 MT 18 MIC,62,231943,14380444
112028,05-12-24,14-abr-25,NEI (HK) INTL CO LIMITED,ROLLO BOPP BRILLANTE 595 MM X 4000 MT 18 MIC,40,314038,12561505
112009,05-12-24,14-abr-25,NEI (HK) INTL CO LIMITED,ROLLO BOPP BRILLANTE 695 MM X 4000 MT 18 MIC,42,358347,15050578
112010,05-12-24,14-abr-25,NEI (HK) INTL CO LIMITED,ROLLO BOPP MATE 250 MM X 4000 MT 18 MIC,72,129796,9345342
112011,05-12-24,14-abr-25,NEI (HK) INTL CO LIMITED,ROLLO BOPP MATE 300 MM X 4000 MT 18 MIC,75,156461,11734594
112015,05-12-24,14-abr-25,NEI (HK) INTL CO LIMITED,ROLLO BOPP MATE 345 MM X 4000 MT 18 MIC,76,181217,13772506
112025,05-12-24,14-abr-25,NEI (HK) INTL CO LIMITED,ROLLO BOPP MATE 400 MM X 4000 MT 18 MIC,60,207232,12433928
112016,05-12-24,14-abr-25,NEI (HK) INTL CO LIMITED,ROLLO BOPP MATE 445 MM X 4000 MT 18 MIC,92,234624,21585411
112017,05-12-24,14-abr-25,NEI (HK) INTL CO LIMITED,ROLLO BOPP MATE 495 MM X 4000 MT 18 MIC,170,258458,43937854
112018,05-12-24,14-abr-25,NEI (HK) INTL CO LIMITED,ROLLO BOPP MATE 595 MM X 4000 MT 18 MIC,28,310692,8699367
112019,05-12-24,14-abr-25,NEI (HK) INTL CO LIMITED,ROLLO BOPP MATE 695 MM X 3000 MT 18 MIC,36,362884,13063839
121023,12-02-25,19-may-25,KAM SHUI LUNG KINARY,CARATULA CARTA STRIPE PAQ X 50 TRANSPARENTE,15000,5006,75086378
121018,12-02-25,19-may-25,KAM SHUI LUNG KINARY,CARATULA CARTA STRIPE PAQ X 50 AZUL T-2,3000,5006,15017276
121019,12-02-25,19-may-25,KAM SHUI LUNG KINARY,CARATULA CARTA STRIPE PAQ X 50 HUMO,2000,5006,10011517
121030,12-02-25,19-may-25,KAM SHUI LUNG KINARY,CARATULA OFICIO STRIPE PAQ X 50 TRANSPARENTE,3800,5794,22016817
122020,18-02-25,09-jun-25,SHW INTERNATIONAL (HK) LIMITED,CARRETE  3.1    9 MM X 43000 LOOPS BLANCO,40,116751,4670043
122023,18-02-25,09-jun-25,SHW INTERNATIONAL (HK) LIMITED,CARRETE  3.1    9 MM X 43000 LOOPS PLATA,20,125302,2506036
122024,18-02-25,09-jun-25,SHW INTERNATIONAL (HK) LIMITED,CARRETE  3.1   11 MM X 32000 LOOPS BLANCO,40,121158,4846303
122026,18-02-25,09-jun-25,SHW INTERNATIONAL (HK) LIMITED,CARRETE  3.1   12 MM X 24000 LOOPS BLANCO,50,100552,5027599
122028,18-02-25,09-jun-25,SHW INTERNATIONAL (HK) LIMITED,CARRETE  3.1   12 MM X 24000 LOOPS PLATA,20,105042,2100848
122029,18-02-25,09-jun-25,SHW INTERNATIONAL (HK) LIMITED,CARRETE  3.1   14 MM X 19300 LOOPS BLANCO,35,103783,3632419
122031,18-02-25,09-jun-25,SHW INTERNATIONAL (HK) LIMITED,CARRETE  3.1   14 MM X 19300 LOOPS PLATA,20,111757,2235141
122009,18-02-25,09-jun-25,SHW INTERNATIONAL (HK) LIMITED,CARRETE  2.1   16 MM X 10500 LOOPS BLANCO,30,87416,2622493
122010,18-02-25,09-jun-25,SHW INTERNATIONAL (HK) LIMITED,CARRETE  2.1   16 MM X 10500 LOOPS NEGRO,10,66517,665171
122013,18-02-25,09-jun-25,SHW INTERNATIONAL (HK) LIMITED,CARRETE  2.1   19 MM X 7000 LOOPS BLANCO,30,80660,2419794
122014,18-02-25,09-jun-25,SHW INTERNATIONAL (HK) LIMITED,CARRETE  2.1   19 MM X 7000 LOOPS NEGRO,20,75456,1509119
122015,18-02-25,09-jun-25,SHW INTERNATIONAL (HK) LIMITED,CARRETE  2.1   19 MM X 7000 LOOPS PLATA,20,87291,1745811
122104,18-02-25,09-jun-25,SHW INTERNATIONAL (HK) LIMITED,DOBLE O CARTA 3.1    9 MM  CAJA X 100 NEGRO,200,8981,1796170
122106,18-02-25,09-jun-25,SHW INTERNATIONAL (HK) LIMITED,DOBLE O CARTA 3.1   11 MM  CAJA X 100 NEGRO,100,10806,1080640
122081,18-02-25,09-jun-25,SHW INTERNATIONAL (HK) LIMITED,DOBLE O CARTA 2.1    8 MM  CAJA X 100 BLANCO,100,7974,797365
122085,18-02-25,09-jun-25,SHW INTERNATIONAL (HK) LIMITED,DOBLE O CARTA 2.1   12 MM  CAJA X 100 BLANCO,200,15444,3088742
122086,18-02-25,09-jun-25,SHW INTERNATIONAL (HK) LIMITED,DOBLE O CARTA 2.1   12 MM  CAJA X 100 NEGRO,100,14353,1435258
122090,18-02-25,09-jun-25,SHW INTERNATIONAL (HK) LIMITED,DOBLE O CARTA 2.1   16 MM  CAJA X 50 NEGRO,150,9107,1366013
122091,18-02-25,09-jun-25,SHW INTERNATIONAL (HK) LIMITED,DOBLE O CARTA 2.1   19 MM  CAJA X 50 BLANCO,300,13261,3978434
122092,18-02-25,09-jun-25,SHW INTERNATIONAL (HK) LIMITED,DOBLE O CARTA 2.1   19 MM  CAJA X 50 NEGRO,150,12548,1882202
122093,18-02-25,09-jun-25,SHW INTERNATIONAL (HK) LIMITED,DOBLE O CARTA 2.1   22 MM  CAJA X 50 BLANCO,100,15654,1565354
122095,18-02-25,09-jun-25,SHW INTERNATIONAL (HK) LIMITED,DOBLE O CARTA 2.1   25 MM  CAJA X 50 BLANCO,100,19103,1910320
122041,18-02-25,09-jun-25,SHW INTERNATIONAL (HK) LIMITED,TIRA 2.1 X 64 LOOPS  12MM CAJA X 540 BLANCO,80,170672,13653749
122044,18-02-25,09-jun-25,SHW INTERNATIONAL (HK) LIMITED,TIRA 2.1 X 64 LOOPS  14MM CAJA X 384 BLANCO,80,159250,12740011
122045,18-02-25,09-jun-25,SHW INTERNATIONAL (HK) LIMITED,TIRA 2.1 X 64 LOOPS  14MM CAJA X 384 NEGRO,40,145907,5836295
122050,18-02-25,09-jun-25,SHW INTERNATIONAL (HK) LIMITED,TIRA 2.1 X 64 LOOPS  16MM CAJA X 308 PLATA,40,167070,6682803
122051,18-02-25,09-jun-25,SHW INTERNATIONAL (HK) LIMITED,TIRA 2.1 X 64 LOOPS  19MM CAJA X 252 BLANCO,120,182099,21851925
122055,18-02-25,09-jun-25,SHW INTERNATIONAL (HK) LIMITED,TIRA 2.1 X 64 LOOPS  22MM CAJA X 192 BLANCO,40,157913,6316519
122059,18-02-25,09-jun-25,SHW INTERNATIONAL (HK) LIMITED,TIRA 2.1 X 64 LOOPS  25MM CAJA X 140 BLANCO,30,124407,3732216
122053,18-02-25,09-jun-25,SHW INTERNATIONAL (HK) LIMITED,TIRA 2.1 X 64 LOOPS  19MM CAJA X 252 NEGRO,40,164309,6572347
113005,19-02-25,13-jun-25,GUANGZHOU HUADA LAMINATING FILM,BOLSILLO CARTA 225MM X 288MM 125 MIC CAJA X 100,2000,10842,21683376
113008,19-02-25,13-jun-25,GUANGZHOU HUADA LAMINATING FILM,BOLSILLO OFICIO 225MM X 337MM 125 MIC CAJA X 100,1000,12690,12689703
113006,19-02-25,13-jun-25,GUANGZHOU HUADA LAMINATING FILM,BOLSILLO CARTA 225MM X 288MM 175 MIC CAJA X 100,1000,16427,16426800
113002,19-02-25,13-jun-25,GUANGZHOU HUADA LAMINATING FILM,BOLSILLO CEDULA 70 X 100 MM 175 MIC CAJA X 100,3000,1930,5790447
113003,19-02-25,13-jun-25,GUANGZHOU HUADA LAMINATING FILM,BOLSILLO TARJETA PROPIEDAD 80 X 110 MM 175 MIC CAJA X 100,2000,2423,4845906
111003,19-02-25,13-jun-25,GUANGZHOU HUADA LAMINATING FILM,ROLLO 226 MM X 60 MTS 125 MICRAS,3600,10965,39473600
111004,19-02-25,13-jun-25,GUANGZHOU HUADA LAMINATING FILM,ROLLO 226 MM X 60 MTS 175 MICRAS,200,16837,3367494
111005,19-02-25,13-jun-25,GUANGZHOU HUADA LAMINATING FILM,ROLLO 226 MM X 60 MTS 250 MICRAS,300,23655,7096378
111010,19-02-25,13-jun-25,GUANGZHOU HUADA LAMINATING FILM,ROLLO 375 MM X 60 MTS 125 MICRAS,100,18234,1823375
111016,19-02-25,13-jun-25,GUANGZHOU HUADA LAMINATING FILM,ROLLO 680 MM X 60 MTS 125 MICRAS BRILLANTE,100,32977,3297680
112001,07-02-25,09-jul-25,NEI (HK) INTL CO LIMITED,ROLLO BOPP BRILLANTE 250 MM X 4000 MT 18 MIC,60,129625,7777471
112002,07-02-25,09-jul-25,NEI (HK) INTL CO LIMITED,ROLLO BOPP BRILLANTE 300 MM X 4000 MT 18 MIC,60,151990,9119421
112006,07-02-25,09-jul-25,NEI (HK) INTL CO LIMITED,ROLLO BOPP BRILLANTE 345 MM X 4000 MT 18 MIC,80,177826,14226051
112026,07-02-25,09-jul-25,NEI (HK) INTL CO LIMITED,ROLLO BOPP BRILLANTE 400 MM X 4000 MT 18 MIC,30,200946,6028365
112007,07-02-25,09-jul-25,NEI (HK) INTL CO LIMITED,ROLLO BOPP BRILLANTE 445 MM X 4000 MT 18 MIC,30,230391,6911730
112008,07-02-25,09-jul-25,NEI (HK) INTL CO LIMITED,ROLLO BOPP BRILLANTE 495 MM X 4000 MT 18 MIC,100,252151,25215138
112009,07-02-25,09-jul-25,NEI (HK) INTL CO LIMITED,ROLLO BOPP BRILLANTE 695 MM X 4000 MT 18 MIC,40,357514,14300561
112024,07-02-25,09-jul-25,NEI (HK) INTL CO LIMITED,ROLLO BOPP MATE 200 MM X 4000 MT 18 MIC,60,101789,6107362
112010,07-02-25,09-jul-25,NEI (HK) INTL CO LIMITED,ROLLO BOPP MATE 250 MM X 4000 MT 18 MIC,40,130327,5213079
112015,07-02-25,09-jul-25,NEI (HK) INTL CO LIMITED,ROLLO BOPP MATE 345 MM X 4000 MT 18 MIC,110,179553,19750875
112025,07-02-25,09-jul-25,NEI (HK) INTL CO LIMITED,ROLLO BOPP MATE 400 MM X 4000 MT 18 MIC,40,202556,8102235
112017,07-02-25,09-jul-25,NEI (HK) INTL CO LIMITED,ROLLO BOPP MATE 495 MM X 4000 MT 18 MIC,250,251236,62808896
112018,07-02-25,09-jul-25,NEI (HK) INTL CO LIMITED,ROLLO BOPP MATE 595 MM X 4000 MT 18 MIC,40,299545,11981813
112019,07-02-25,09-jul-25,NEI (HK) INTL CO LIMITED,ROLLO BOPP MATE 695 MM X 3000 MT 18 MIC,40,349853,13994112
121034,11-03-25,10-jul-25,KAM SHUI LUNG KINARY,CARATULA CARTA STRIPE PAQ X 50 AMARILLO,1000,4670,4669515
121018,11-03-25,10-jul-25,KAM SHUI LUNG KINARY,CARATULA CARTA STRIPE PAQ X 50 AZUL T-2,2000,4670,9339030
121017,11-03-25,10-jul-25,KAM SHUI LUNG KINARY,CARATULA CARTA STRIPE PAQ X 50 AZUL T-1,1500,4670,7004272
121019,11-03-25,10-jul-25,KAM SHUI LUNG KINARY,CARATULA CARTA STRIPE PAQ X 50 HUMO,2000,4670,9339030
121020,11-03-25,10-jul-25,KAM SHUI LUNG KINARY,CARATULA CARTA STRIPE PAQ X 50 LILA,1480,4670,6910882
121022,11-03-25,10-jul-25,KAM SHUI LUNG KINARY,CARATULA CARTA STRIPE PAQ X 50 ROJO,1000,4670,4669515
121024,11-03-25,10-jul-25,KAM SHUI LUNG KINARY,CARATULA CARTA STRIPE PAQ X 50 VERDE T-1,2000,4670,9339030
121023,11-03-25,10-jul-25,KAM SHUI LUNG KINARY,CARATULA CARTA STRIPE PAQ X 50 TRANSPARENTE,6020,4670,28110480
121030,11-03-25,10-jul-25,KAM SHUI LUNG KINARY,CARATULA OFICIO STRIPE PAQ X 50 TRANSPARENTE,3000,5438,16312981
121029,11-03-25,10-jul-25,KAM SHUI LUNG KINARY,CARATULA OFICIO STRIPE PAQ X 50 HUMO,1460,5438,7938984
121031,11-03-25,10-jul-25,KAM SHUI LUNG KINARY,CARATULA OFICIO STRIPE PAQ X 50 VERDE T-2,1540,5438,8373997
122020,18-02-25,04-ago-25,SHW INTERNATIONAL (HK) LIMITED,CARRETE  3.1    9 MM X 43000 LOOPS BLANCO,120,119231,14307732
122022,18-02-25,04-ago-25,SHW INTERNATIONAL (HK) LIMITED,CARRETE  3.1    9 MM X 43000 LOOPS NEGRO,30,119231,3576933
122024,18-02-25,04-ago-25,SHW INTERNATIONAL (HK) LIMITED,CARRETE  3.1   11 MM X 32000 LOOPS BLANCO,50,123205,6160274
122026,18-02-25,04-ago-25,SHW INTERNATIONAL (HK) LIMITED,CARRETE  3.1   12 MM X 24000 LOOPS BLANCO,30,103334,3100009
122009,18-02-25,04-ago-25,SHW INTERNATIONAL (HK) LIMITED,CARRETE  2.1   16 MM X 10500 LOOPS BLANCO,40,95385,3815395
122010,18-02-25,04-ago-25,SHW INTERNATIONAL (HK) LIMITED,CARRETE  2.1   16 MM X 10500 LOOPS NEGRO,20,95385,1907698
122013,18-02-25,04-ago-25,SHW INTERNATIONAL (HK) LIMITED,CARRETE  2.1   19 MM X 7000 LOOPS BLANCO,35,91411,3199368
122014,18-02-25,04-ago-25,SHW INTERNATIONAL (HK) LIMITED,CARRETE  2.1   19 MM X 7000 LOOPS NEGRO,20,91411,1828210
122015,18-02-25,04-ago-25,SHW INTERNATIONAL (HK) LIMITED,CARRETE  2.1   19 MM X 7000 LOOPS PLATA,10,103334,1033336
122104,18-02-25,04-ago-25,SHW INTERNATIONAL (HK) LIMITED,DOBLE O CARTA 3.1    9 MM  CAJA X 100 NEGRO,100,19872,1987185
122106,18-02-25,04-ago-25,SHW INTERNATIONAL (HK) LIMITED,DOBLE O CARTA 3.1   11 MM  CAJA X 100 NEGRO,100,19872,1987185
122082,18-02-25,04-ago-25,SHW INTERNATIONAL (HK) LIMITED,DOBLE O CARTA 2.1    8 MM  CAJA X 100 NEGRO,100,19872,1987185
122085,18-02-25,04-ago-25,SHW INTERNATIONAL (HK) LIMITED,DOBLE O CARTA 2.1   12 MM  CAJA X 100 BLANCO,200,23846,4769244
122086,18-02-25,04-ago-25,SHW INTERNATIONAL (HK) LIMITED,DOBLE O CARTA 2.1   12 MM  CAJA X 100 NEGRO,100,23846,2384622
122089,18-02-25,04-ago-25,SHW INTERNATIONAL (HK) LIMITED,DOBLE O CARTA 2.1   16 MM  CAJA X 50 BLANCO,200,19872,3974370
122090,18-02-25,04-ago-25,SHW INTERNATIONAL (HK) LIMITED,DOBLE O CARTA 2.1   16 MM  CAJA X 50 NEGRO,100,19872,1987185
122091,18-02-25,04-ago-25,SHW INTERNATIONAL (HK) LIMITED,DOBLE O CARTA 2.1   19 MM  CAJA X 50 BLANCO,200,21064,4212832
122092,18-02-25,04-ago-25,SHW INTERNATIONAL (HK) LIMITED,DOBLE O CARTA 2.1   19 MM  CAJA X 50 NEGRO,100,21064,2106416
122093,18-02-25,04-ago-25,SHW INTERNATIONAL (HK) LIMITED,DOBLE O CARTA 2.1   22 MM  CAJA X 50 BLANCO,100,20734,2073429
122095,18-02-25,04-ago-25,SHW INTERNATIONAL (HK) LIMITED,DOBLE O CARTA 2.1   25 MM  CAJA X 50 BLANCO,100,23846,2384622
122041,18-02-25,04-ago-25,SHW INTERNATIONAL (HK) LIMITED,TIRA 2.1 X 64 LOOPS  12MM CAJA X 540 BLANCO,40,156988,6279505
122042,18-02-25,04-ago-25,SHW INTERNATIONAL (HK) LIMITED,TIRA 2.1 X 64 LOOPS  12MM CAJA X 540 NEGRO,20,157186,3143727
122044,18-02-25,04-ago-25,SHW INTERNATIONAL (HK) LIMITED,TIRA 2.1 X 64 LOOPS  14MM CAJA X 384 BLANCO,40,147250,5890016
122046,18-02-25,04-ago-25,SHW INTERNATIONAL (HK) LIMITED,TIRA 2.1 X 64 LOOPS  14MM CAJA X 384 PLATA,30,167983,5039501
122047,18-02-25,04-ago-25,SHW INTERNATIONAL (HK) LIMITED,TIRA 2.1 X 64 LOOPS  16MM CAJA X 308 BLANCO,80,144965,11597212
122049,18-02-25,04-ago-25,SHW INTERNATIONAL (HK) LIMITED,TIRA 2.1 X 64 LOOPS  16MM CAJA X 308 NEGRO,20,145263,2905264
122051,18-02-25,04-ago-25,SHW INTERNATIONAL (HK) LIMITED,TIRA 2.1 X 64 LOOPS  19MM CAJA X 252 BLANCO,100,162870,16286968
122053,18-02-25,04-ago-25,SHW INTERNATIONAL (HK) LIMITED,TIRA 2.1 X 64 LOOPS  19MM CAJA X 252 NEGRO,20,163148,3262958
122055,18-02-25,04-ago-25,SHW INTERNATIONAL (HK) LIMITED,TIRA 2.1 X 64 LOOPS  22MM CAJA X 192 BLANCO,30,157650,4729500
122057,18-02-25,04-ago-25,SHW INTERNATIONAL (HK) LIMITED,TIRA 2.1 X 64 LOOPS  22MM CAJA X 192 NEGRO,20,157584,3151675
122059,18-02-25,04-ago-25,SHW INTERNATIONAL (HK) LIMITED,TIRA 2.1 X 64 LOOPS  25MM CAJA X 140 BLANCO,20,136718,2734367
122066,18-02-25,04-ago-25,SHW INTERNATIONAL (HK) LIMITED,TIRA 2.1 X 64 LOOPS  32MM CAJA X 96 NEGRO,20,169109,3382189
221003,08-05-25,10-sep-25,ROYAL SOVEREIGN GLOBAL PTE LTD,LAMINADORA ROYAL IL 926W,2016,56790,114488119
221001,08-05-25,10-sep-25,ROYAL SOVEREIGN GLOBAL PTE LTD,LAMINADORA ROYAL NR 901 DIGITAL,150,171294,25694042
221007,08-05-25,10-sep-25,ROYAL SOVEREIGN GLOBAL PTE LTD,"LAMINADORA ROYAL ES 915 - 9""",150,131076,19661469
112007,12-05-25,29-sep-25,"FOSHAN GUIHANG IMP & EXP CO., LTD",ROLLO BOPP BRILLANTE 445 MM X 4000 MT 18 MIC,60,213820,12829204
112028,12-05-25,29-sep-25,"FOSHAN GUIHANG IMP & EXP CO., LTD",ROLLO BOPP BRILLANTE 595 MM X 4000 MT 18 MIC,20,286677,5733540
112009,12-05-25,29-sep-25,"FOSHAN GUIHANG IMP & EXP CO., LTD",ROLLO BOPP BRILLANTE 695 MM X 4000 MT 18 MIC,40,335857,13434285
112011,12-05-25,29-sep-25,"FOSHAN GUIHANG IMP & EXP CO., LTD",ROLLO BOPP MATE 300 MM X 4000 MT 18 MIC,58,150541,8731349
112021,12-05-25,29-sep-25,"FOSHAN GUIHANG IMP & EXP CO., LTD",ROLLO BOPP MATE 330 MM X 4000 MT 18 MIC,60,166830,10009824
112015,12-05-25,29-sep-25,"FOSHAN GUIHANG IMP & EXP CO., LTD",ROLLO BOPP MATE 345 MM X 4000 MT 18 MIC,120,174798,20975790
112025,12-05-25,29-sep-25,"FOSHAN GUIHANG IMP & EXP CO., LTD",ROLLO BOPP MATE 400 MM X 4000 MT 18 MIC,40,199636,7985439
112016,12-05-25,29-sep-25,"FOSHAN GUIHANG IMP & EXP CO., LTD",ROLLO BOPP MATE 445 MM X 4000 MT 18 MIC,40,223182,8927295
112017,12-05-25,29-sep-25,"FOSHAN GUIHANG IMP & EXP CO., LTD",ROLLO BOPP MATE 495 MM X 4000 MT 18 MIC,216,245848,53103216
112018,12-05-25,29-sep-25,"FOSHAN GUIHANG IMP & EXP CO., LTD",ROLLO BOPP MATE 595 MM X 4000 MT 18 MIC,60,300711,18042673
112019,12-05-25,29-sep-25,"FOSHAN GUIHANG IMP & EXP CO., LTD",ROLLO BOPP MATE 695 MM X 3000 MT 18 MIC,69,345807,23860680
112008,12-05-25,29-sep-25,"FOSHAN GUIHANG IMP & EXP CO., LTD",ROLLO BOPP BRILLANTE 495 MM X 4000 MT 18 MIC,54,239642,12940645
113005,04-06-25,10-oct-25,YIXING CONNECT PLASTIC TECHNOLOGY CO,BOLSILLO CARTA 225MM X 288MM 125 MIC CAJA X 100,5000,10524,52618140
113008,04-06-25,10-oct-25,YIXING CONNECT PLASTIC TECHNOLOGY CO,BOLSILLO OFICIO 225MM X 337MM 125 MIC CAJA X 100,1500,12862,19293318
113006,04-06-25,10-oct-25,YIXING CONNECT PLASTIC TECHNOLOGY CO,BOLSILLO CARTA 225MM X 288MM 175 MIC CAJA X 100,1500,15591,23385840
113011,04-06-25,10-oct-25,YIXING CONNECT PLASTIC TECHNOLOGY CO,BOLSILLO OFICIO 225MM X 337MM 175 MIC CAJA X 100,1000,18124,18124026
113002,04-06-25,10-oct-25,YIXING CONNECT PLASTIC TECHNOLOGY CO,BOLSILLO CEDULA 70 X 100 MM 175 MIC CAJA X 100,3000,2105,6314177
113007,04-06-25,10-oct-25,YIXING CONNECT PLASTIC TECHNOLOGY CO,BOLSILLO CARTA 225MM X 288MM 250 MIC CAJA X 50,500,10913,5456696
131012,04-06-25,10-oct-25,YIXING CONNECT PLASTIC TECHNOLOGY CO,ACETATOS CARTA PAQ X 50,3000,2923,8769690
112001,04-06-25,28-oct-25,NEI (HK) INTL CO LIMITED,ROLLO BOPP BRILLANTE 250 MM X 4000 MT 18 MIC,60,121878,7312658
112002,04-06-25,28-oct-25,NEI (HK) INTL CO LIMITED,ROLLO BOPP BRILLANTE 300 MM X 4000 MT 18 MIC,60,146089,8765319
112006,04-06-25,28-oct-25,NEI (HK) INTL CO LIMITED,ROLLO BOPP BRILLANTE 345 MM X 4000 MT 18 MIC,60,167967,10078017
112026,04-06-25,28-oct-25,NEI (HK) INTL CO LIMITED,ROLLO BOPP BRILLANTE 400 MM X 4000 MT 18 MIC,30,195702,5871047
112007,04-06-25,28-oct-25,NEI (HK) INTL CO LIMITED,ROLLO BOPP BRILLANTE 445 MM X 4000 MT 18 MIC,30,217678,6530343
112008,04-06-25,28-oct-25,NEI (HK) INTL CO LIMITED,ROLLO BOPP BRILLANTE 495 MM X 4000 MT 18 MIC,100,241737,24173687
112009,04-06-25,28-oct-25,NEI (HK) INTL CO LIMITED,ROLLO BOPP BRILLANTE 695 MM X 4000 MT 18 MIC,40,337714,13508565
112024,04-06-25,28-oct-25,NEI (HK) INTL CO LIMITED,ROLLO BOPP MATE 200 MM X 4000 MT 18 MIC,40,96373,3854932
112010,04-06-25,28-oct-25,NEI (HK) INTL CO LIMITED,ROLLO BOPP MATE 250 MM X 4000 MT 18 MIC,60,120693,7241591
112021,04-06-25,28-oct-25,NEI (HK) INTL CO LIMITED,ROLLO BOPP MATE 330 MM X 4000 MT 18 MIC,60,159508,9570470
112015,04-06-25,28-oct-25,NEI (HK) INTL CO LIMITED,ROLLO BOPP MATE 345 MM X 4000 MT 18 MIC,100,167648,16764838
112016,04-06-25,28-oct-25,NEI (HK) INTL CO LIMITED,ROLLO BOPP MATE 445 MM X 4000 MT 18 MIC,40,217599,8703945
112017,04-06-25,28-oct-25,NEI (HK) INTL CO LIMITED,ROLLO BOPP MATE 495 MM X 4000 MT 18 MIC,200,241501,48300189
112018,04-06-25,28-oct-25,NEI (HK) INTL CO LIMITED,ROLLO BOPP MATE 595 MM X 4000 MT 18 MIC,40,289751,11590036
112019,04-06-25,28-oct-25,NEI (HK) INTL CO LIMITED,ROLLO BOPP MATE 695 MM X 3000 MT 18 MIC,80,340240,27219164
